name,H_lig_ub_wt,H_lig_ub_mt,H_lig_b_wt,H_lig_b_mt,H_rec_ub,H_rec_b_wt,H_rec_b_mt,bias,aa_coef,aa_bias,grouped_pearson,grouped_spearman
params_8_2.pt,0.0515,0.0507,-0.1021,-0.0715,-0.1270,-0.3211,0.3416,0.4302,"[1.81326162815094, 1.81326162815094, 0.5024087429046631, 0.5009765028953552, 0.5148187875747681, 1.81326162815094, 0.5018449425697327, 2.119234561920166, 0.5050197839736938, 0.5234977006912231, 0.5022006630897522, 0.5082709789276123, 0.5023770928382874, 4.664129734039307, 4.716850757598877, 0.5129050612449646, 2.430823802947998, 4.731670379638672, 6.0414533615112305, 0.5018612742424011, 1.81326162815094]","[-5.2938714027404785, 0.0, -1.6986075639724731, -3.1077687740325928, 0.13381223380565643, 1.1395716667175293, -13.707014083862305, 0.6397064328193665, 0.12996791303157806, -1.0794196128845215, 2.74041485786438, 2.4588661193847656, 0.5522293448448181, -3.930742025375366, -14.875555038452148, -2.1078481674194336, 0.5377433896064758, 2.6455044746398926, 6.185676097869873, -14.429923057556152, 0.0]",0.1837,0.1735
params_3_0.pt,0.2802,0.0237,-0.3503,0.1343,-0.0454,-0.0397,0.0167,0.4839,"[1.81326162815094, 6.312964916229248, 0.5091267228126526, 1.3791146278381348, 0.5033469200134277, 1.81326162815094, 0.5066075325012207, 0.5042347311973572, 0.5028162598609924, 3.869109869003296, 0.5004523992538452, 1.7472107410430908, 0.5084958076477051, 2.2961831092834473, 0.5067873001098633, 0.5052441954612732, 5.40822172164917, 0.5013277530670166, 9.897382736206055, 1.0896923542022705, 1.81326162815094]","[-1.7911995649337769, -4.5434184074401855, 3.0825653076171875, -4.211027145385742, -10.952454566955566, 1.5955044031143188, 0.4624369442462921, -1.5604788064956665, 1.2206525802612305, 1.7579368352890015, -6.872853755950928, -4.617278099060059, 13.128321647644043, -2.1353437900543213, -3.412868022918701, 2.1858294010162354, -2.016786575317383, -1.598284363746643, -7.639827251434326, -9.813640594482422, 0.0]",0.2202,0.1934
params_1_3.pt,0.4698,-0.4952,-0.5386,0.5184,-0.0068,0.0788,-0.2401,1.0112,"[1.81326162815094, 5.5832200050354, 1.7392297983169556, 0.5014688968658447, 4.371897220611572, 1.81326162815094, 1.4074320793151855, 0.5865007638931274, 1.382648229598999, 2.8745453357696533, 2.6319665908813477, 0.501470148563385, 0.5037939548492432, 1.341490387916565, 1.674857497215271, 0.5011120438575745, 4.097871780395508, 0.5242723822593689, 4.653343677520752, 3.5693652629852295, 1.81326162815094]","[3.506197690963745, 5.756487846374512, -4.72104024887085, 1.074820876121521, 2.9841468334198, -0.8231511116027832, -7.763120651245117, -2.653224468231201, -1.2571457624435425, 2.9645848274230957, 1.2952457666397095, 5.633388042449951, 2.0641183853149414, -0.46011483669281006, -3.9798173904418945, 2.2818355560302734, 1.9293432235717773, 0.21920175850391388, 3.8606371879577637, -7.344189643859863, 0.0]",0.1687,0.1456
params_5_7.pt,0.0514,-0.1179,-0.2331,0.3074,0.1671,-0.0221,-0.1189,0.7209,"[1.81326162815094, 4.001622200012207, 0.5019179582595825, 0.5003615021705627, 3.0065155029296875, 1.81326162815094, 2.7272965908050537, 3.187117576599121, 0.5005620718002319, 4.205393314361572, 3.177686929702759, 0.5009437799453735, 0.5162129998207092, 1.077338457107544, 0.9505313634872437, 0.5021262168884277, 6.61729097366333, 2.9505622386932373, 3.1069326400756836, 5.379268646240234, 1.81326162815094]","[-0.7559386491775513, -0.47154682874679565, 2.5901739597320557, 1.3557124137878418, -4.442513465881348, -0.36535951495170593, -1.8521047830581665, -0.06521622836589813, 3.7328031063079834, -6.796680450439453, -6.939242362976074, 3.000091075897217, 10.080533981323242, -0.6479941010475159, -0.6783531308174133, -0.03681004047393799, -3.776155710220337, 0.4085083603858948, -2.160949945449829, -7.266343116760254, 0.0]",0.1400,0.1176
params_0_4.pt,0.5715,0.1205,-0.5687,0.0280,-0.1322,-0.2485,0.3014,0.5834,"[1.81326162815094, 7.730719566345215, 0.5008201003074646, 1.5310572385787964, 0.5129241943359375, 1.81326162815094, 0.5021361708641052, 0.944159209728241, 0.503928005695343, 0.5018393993377686, 1.286474347114563, 0.5007338523864746, 0.7482380867004395, 2.4143080711364746, 1.6316331624984741, 0.500918984413147, 7.175222873687744, 0.50290447473526, 0.9704763293266296, 1.071800708770752, 1.81326162815094]","[-1.6114585399627686, 16.42145538330078, -2.32470965385437, 8.657363891601562, -1.2343188524246216, -6.24641752243042, -4.282897472381592, -0.3100414276123047, -0.49505990743637085, 1.9000413417816162, -9.089378356933594, 7.258544445037842, -12.045748710632324, 6.413938999176025, -8.176626205444336, -4.210485935211182, -1.9745509624481201, -1.5107921361923218, -10.844258308410645, -1.9377835988998413, 0.0]",0.1607,0.1592
params_5_2.pt,0.1310,0.2240,-0.1907,-0.6680,-0.2003,-0.3200,0.2252,1.0643,"[1.81326162815094, 0.5005825757980347, 0.5007599592208862, 0.5059107542037964, 0.5041059851646423, 1.81326162815094, 9.271307945251465, 3.2673161029815674, 3.8042194843292236, 0.500761866569519, 30.28660011291504, 1.1931366920471191, 0.5032359957695007, 0.5035910606384277, 2.451401710510254, 0.5016406774520874, 5.597432613372803, 4.959139347076416, 0.5013102889060974, 4.004697322845459, 1.81326162815094]","[-0.2387901395559311, 1.6183044910430908, -0.07809159904718399, -1.0826743841171265, 1.9211540222167969, -1.523165225982666, -0.3162428140640259, -1.1807459592819214, -0.1682460755109787, 0.5658211708068848, 50.27069091796875, -0.755469024181366, -0.9568044543266296, -2.0199549198150635, -3.3510046005249023, 2.136841297149658, 7.9934000968933105, 1.5121036767959595, -1.059846043586731, -3.757758855819702, 0.0]",0.0316,0.0486
params_3_9.pt,0.2363,-0.1606,-0.2720,0.3012,-0.0239,-0.2380,0.2412,0.6445,"[1.81326162815094, 0.500927209854126, 0.5016328692436218, 0.5006515979766846, 2.922274589538574, 1.81326162815094, 0.5014761090278625, 0.5008514523506165, 2.8036954402923584, 2.544050931930542, 2.7516422271728516, 0.5004911422729492, 0.500423014163971, 0.5011547803878784, 2.0652008056640625, 0.5008891224861145, 0.5003130435943604, 2.2546374797821045, 0.5033496618270874, 2.2364187240600586, 1.81326162815094]","[-2.3466601371765137, -5.1469268798828125, 7.17291784286499, -8.350645065307617, -10.126592636108398, -5.946919918060303, -6.186886310577393, -20.156414031982422, -17.09657096862793, -7.642694473266602, -16.444772720336914, 1.1549620628356934, -8.331425666809082, -0.011804282665252686, -9.464768409729004, -4.803925514221191, -15.536179542541504, -5.591551303863525, -16.424598693847656, -13.282958984375, 0.0]",0.2020,0.1711
params_0_8.pt,0.4328,-0.6771,-0.4315,0.4331,-0.0528,0.5092,-0.4703,0.5882,"[1.81326162815094, 6.014313697814941, 4.391912460327148, 1.6991328001022339, 1.6175626516342163, 1.81326162815094, 1.6253998279571533, 3.8293919563293457, 0.5005567669868469, 1.116337537765503, 2.106658935546875, 0.5010435581207275, 5.309073448181152, 0.5044340491294861, 0.5022535920143127, 0.5017728805541992, 2.300518751144409, 0.5009906888008118, 0.5024855732917786, 1.3874449729919434, 1.81326162815094]","[-0.17241273820400238, -4.4615068435668945, -8.872129440307617, -2.024423837661743, -0.5937908291816711, -8.910059928894043, 6.310263156890869, -0.8177457451820374, -1.2508467435836792, -1.0994644165039062, -3.610599994659424, -30.502094268798828, -39.84877395629883, -17.161237716674805, 14.305414199829102, 10.242863655090332, 6.043532371520996, 11.105573654174805, -17.985536575317383, -5.583309173583984, 0.0]",0.0906,0.0770
params_3_8.pt,0.2960,0.4059,-0.1664,-0.5015,-0.2354,-0.1222,0.4343,0.4468,"[1.81326162815094, 7.802146911621094, 0.6433932185173035, 2.746615409851074, 0.5006986856460571, 1.81326162815094, 0.500677227973938, 0.5004164576530457, 1.2680249214172363, 0.5011305212974548, 0.5027295351028442, 1.4263050556182861, 0.5010504722595215, 0.5039896368980408, 0.993707537651062, 1.5740209817886353, 0.5011457204818726, 1.922366738319397, 3.8288331031799316, 1.5143663883209229, 1.81326162815094]","[-4.493198871612549, -9.18588924407959, -7.153890609741211, -8.673748016357422, 14.619843482971191, 2.268547773361206, 4.3046770095825195, 2.3905534744262695, 7.12134313583374, 3.199863910675049, 0.3487699627876282, 2.6708765029907227, 1.8333263397216797, -4.264434337615967, 0.6385903358459473, -1.3455684185028076, -4.021695137023926, 0.7678276896476746, 4.877908706665039, 10.452049255371094, 0.0]",0.0926,0.0672
params_8_0.pt,0.7206,-0.7283,-0.9233,0.7398,0.0372,-0.0145,-0.0405,1.4886,"[1.81326162815094, 3.372225522994995, 0.5014714598655701, 0.5031423568725586, 0.5295984745025635, 1.81326162815094, 0.5734845399856567, 0.5136806964874268, 2.496265411376953, 1.6514558792114258, 1.245079755783081, 0.8519526720046997, 2.6251845359802246, 0.5037963390350342, 0.9089032411575317, 0.500887393951416, 1.5977681875228882, 0.5007351636886597, 0.5012019276618958, 0.5170038938522339, 1.81326162815094]","[3.3443620204925537, 15.845833778381348, 5.508496284484863, -3.3176677227020264, 1.7548270225524902, -0.1925182044506073, 6.440950393676758, -4.511373996734619, 3.0951435565948486, -1.2269155979156494, 5.050196647644043, 4.5905070304870605, 9.678820610046387, 7.730981826782227, -1.6192678213119507, 18.895326614379883, -2.817387580871582, 2.694702386856079, -5.400928497314453, -8.925389289855957, 0.0]",0.1761,0.1896
params_6_8.pt,0.1984,-0.0240,-0.2310,-0.2044,0.0019,-0.1391,-0.0252,1.3420,"[1.81326162815094, 5.401250839233398, 3.7203190326690674, 0.5011284947395325, 1.3427708148956299, 1.81326162815094, 19.791038513183594, 0.5013493299484253, 0.9031730890274048, 0.5014455318450928, 0.5009363889694214, 0.5012999773025513, 0.5259798765182495, 0.50139981508255, 4.895186424255371, 0.501054048538208, 1.4238110780715942, 0.5020241141319275, 1.1850837469100952, 5.3098649978637695, 1.81326162815094]","[1.6064728498458862, -0.3316693902015686, -4.612242698669434, 4.435999393463135, 4.433586597442627, -2.2943012714385986, 1.8466954231262207, 5.102433204650879, 2.4643092155456543, 3.483088731765747, 0.9737561345100403, -0.7377886772155762, -5.600884914398193, 1.9984482526779175, -9.108996391296387, 2.341022491455078, -0.5287790894508362, 0.7146846652030945, 0.46314191818237305, -3.4934003353118896, 0.0]",0.0877,0.0825
params_1_0.pt,-0.0916,-0.0936,-0.0064,0.1965,-0.0026,0.0015,0.0238,0.5793,"[1.81326162815094, 16.838104248046875, 3.613936185836792, 0.5275828242301941, 0.5018534660339355, 1.81326162815094, 6.677033424377441, 0.5210568904876709, 0.5015340447425842, 3.65364408493042, 7.3363356590271, 1.8554898500442505, 3.6543116569519043, 1.7427748441696167, 2.7944719791412354, 12.976163864135742, 8.490436553955078, 0.5004256367683411, 0.5005794167518616, 4.922216415405273, 1.81326162815094]","[11.48012924194336, 12.97787094116211, 5.834853172302246, 5.4983601570129395, -2.2964868545532227, 11.252290725708008, 6.605752468109131, 7.344090461730957, 7.4898247718811035, 1.0618300437927246, 1.8122912645339966, 10.516439437866211, 32.390113830566406, 5.453701972961426, 5.291043281555176, 8.543438911437988, 11.127988815307617, 7.823493480682373, 6.133795738220215, -7.290996551513672, 0.0]",0.2014,0.1996
params_3_4.pt,-0.0298,-0.1338,-0.1840,0.2553,0.2947,-0.0923,-0.1495,1.2040,"[1.81326162815094, 2.249744415283203, 0.5006957650184631, 0.5005048513412476, 1.8946659564971924, 1.81326162815094, 1.2096307277679443, 4.469557285308838, 0.500169038772583, 3.971217393875122, 3.615342140197754, 0.5015186071395874, 0.5134636163711548, 2.030953884124756, 0.8885800838470459, 0.5032674074172974, 7.309877395629883, 2.725588321685791, 4.620388507843018, 4.465086936950684, 1.81326162815094]","[-1.7914104461669922, -1.1550052165985107, 0.6225494146347046, -0.77486652135849, -5.224057674407959, -2.239363431930542, 0.7933098673820496, -2.311152458190918, 3.969116449356079, -10.812601089477539, -8.957452774047852, 6.064478397369385, 10.761212348937988, -2.452157974243164, -0.3536052405834198, -0.5923462510108948, -5.988700866699219, -0.944854199886322, -3.8170177936553955, -8.365832328796387, 0.0]",0.0868,0.0774
params_9_4.pt,0.7757,-1.5299,-0.9622,0.9367,-0.0175,0.0277,0.0069,1.3049,"[1.81326162815094, 25.264118194580078, 0.5012455582618713, 0.5058611035346985, 0.5037264823913574, 1.81326162815094, 0.504901647567749, 1.07661771774292, 2.350628614425659, 0.5086683034896851, 0.8883269429206848, 0.5020853877067566, 5.991969585418701, 0.5069752335548401, 2.0402939319610596, 0.5060207843780518, 1.7597436904907227, 1.3223366737365723, 0.5069869160652161, 0.957266092300415, 1.81326162815094]","[0.7097775340080261, 8.436522483825684, -2.12341570854187, -1.9285017251968384, 1.388334035873413, -2.355494976043701, 1.2622336149215698, -1.9366146326065063, -0.953426718711853, -1.1571238040924072, 0.23890583217144012, 0.9966195225715637, 11.186666488647461, -0.5178014636039734, -3.7494943141937256, 2.7296671867370605, 0.6821380257606506, -1.0080533027648926, -1.1363658905029297, 0.5134491920471191, 0.0]",0.1139,0.1003
params_3_3.pt,0.3223,-0.0200,-0.1956,-0.1347,-0.0525,-0.0165,0.0877,0.2463,"[1.81326162815094, 1.4688918590545654, 2.1758737564086914, 0.5060390830039978, 3.417797327041626, 1.81326162815094, 0.5012459754943848, 0.5209712982177734, 0.502647876739502, 0.5016756057739258, 0.5054776668548584, 1.0137887001037598, 27.286365509033203, 3.454949140548706, 0.5121886134147644, 0.5011581182479858, 7.314557075500488, 0.6371423006057739, 0.5002844929695129, 0.502126157283783, 1.81326162815094]","[3.5841128826141357, -0.3314538896083832, 4.2350873947143555, 1.860686182975769, 8.978105545043945, -0.9903721213340759, 7.064315319061279, 9.764033317565918, 10.806018829345703, 7.330964088439941, 0.6655915379524231, 8.572432518005371, 45.98989486694336, 3.321781635284424, 13.881335258483887, 3.6011908054351807, 18.9744930267334, 5.554513931274414, 7.893881320953369, 18.07151985168457, 0.0]",0.1529,0.1540
params_6_7.pt,0.4679,-0.0756,-0.4183,-0.1568,0.0079,-0.2000,0.1577,0.7658,"[1.81326162815094, 4.50246524810791, 2.5157861709594727, 2.5111920833587646, 2.7905898094177246, 1.81326162815094, 0.54901123046875, 0.5013736486434937, 0.6178174614906311, 2.7968618869781494, 0.50181645154953, 1.0241858959197998, 0.5010148882865906, 2.5550484657287598, 0.501319944858551, 0.5013303160667419, 1.4510385990142822, 0.5082405209541321, 4.858770370483398, 0.8683197498321533, 1.81326162815094]","[-0.6634597182273865, -3.831423044204712, -2.1600704193115234, -8.042346000671387, -1.113657832145691, -0.8582153916358948, 2.6858150959014893, 4.84342098236084, 4.137222766876221, -2.7535665035247803, -2.029439687728882, -2.708313465118408, -1.2343940734863281, -6.507543087005615, 2.352851152420044, -7.237671375274658, 0.758061408996582, 0.36324793100357056, 0.8960628509521484, -0.08554794639348984, 0.0]",0.1908,0.1877
params_3_5.pt,0.3854,-0.1419,-0.5448,0.1962,-0.0032,-0.2050,0.1846,0.3021,"[1.81326162815094, 0.596825122833252, 2.5273470878601074, 1.7104638814926147, 2.6523749828338623, 1.81326162815094, 0.5013831257820129, 0.9329607486724854, 0.8083009719848633, 1.3917100429534912, 1.0590391159057617, 0.5009964108467102, 2.0491936206817627, 0.5127872228622437, 2.8140881061553955, 0.501800000667572, 1.8085596561431885, 3.462752103805542, 3.0662341117858887, 0.5019413232803345, 1.81326162815094]","[-0.754867434501648, 1.5198012590408325, -1.938149094581604, -2.906973361968994, -5.691827774047852, 1.289591670036316, -5.910131931304932, -4.888713359832764, -4.962696552276611, -3.5681586265563965, -4.413325786590576, 0.4439593553543091, 3.9964098930358887, -0.1191800981760025, -8.503678321838379, 1.8809049129486084, 0.7283856272697449, 1.0490797758102417, -12.067197799682617, -2.8836846351623535, 0.0]",0.2494,0.2212
params_7_0.pt,0.6187,-0.7865,-0.7137,0.8729,0.0090,-0.1624,0.0962,0.2443,"[1.81326162815094, 0.5104042291641235, 0.5018045902252197, 0.5056656002998352, 0.5668543577194214, 1.81326162815094, 0.51507568359375, 0.5010011792182922, 2.7709665298461914, 0.9014236330986023, 0.5022693872451782, 0.5034322738647461, 0.5013285279273987, 0.5030295848846436, 1.677344799041748, 0.5018637180328369, 0.7054648399353027, 0.9876684546470642, 0.5122141242027283, 0.7848089933395386, 1.81326162815094]","[0.7337167859077454, 4.7649006843566895, 1.9039123058319092, -1.4618369340896606, -0.896156370639801, -1.2232589721679688, -2.5434601306915283, -7.122522354125977, -9.889985084533691, -1.526723027229309, -10.006454467773438, 1.7065526247024536, -3.143991231918335, 0.779038667678833, -5.632103443145752, 1.1343259811401367, -4.121384620666504, 1.2224786281585693, -6.005980491638184, -3.4260733127593994, 0.0]",0.1877,0.1838
params_4_3.pt,0.0966,-0.2591,-0.1294,0.0655,0.0349,-0.3493,0.2970,0.7353,"[1.81326162815094, 0.5019789934158325, 0.5002355575561523, 2.8152835369110107, 20.710182189941406, 1.81326162815094, 5.828219413757324, 0.5004424452781677, 3.6722333431243896, 2.776517391204834, 0.5023921132087708, 0.5017558336257935, 17.739295959472656, 0.5011537075042725, 1.924646019935608, 0.500934362411499, 2.027979850769043, 0.502700924873352, 15.922707557678223, 0.5027114152908325, 1.81326162815094]","[-0.1451917141675949, -14.275144577026367, 0.6768019795417786, -4.591270923614502, 30.609683990478516, -9.956286430358887, -2.1821789741516113, -3.836430072784424, 0.6218535304069519, -1.3029305934906006, 9.659741401672363, -1.883162260055542, 15.642912864685059, -0.7367700338363647, -2.162703514099121, 7.804542064666748, 1.9179790019989014, -1.4806755781173706, 26.129390716552734, -38.443756103515625, 0.0]",0.1250,0.1169
params_9_2.pt,0.3838,-0.1143,-0.2485,0.0483,-0.1028,-0.0867,0.2430,-0.0203,"[1.81326162815094, 4.968068599700928, 0.509092390537262, 0.737235963344574, 2.2484803199768066, 1.81326162815094, 3.712777614593506, 0.5002855658531189, 0.9334017038345337, 0.5005539059638977, 3.755601406097412, 1.4721503257751465, 7.267612934112549, 0.5021302103996277, 1.403241515159607, 2.586491584777832, 0.5003998279571533, 0.5038831233978271, 2.314108371734619, 0.5006101727485657, 1.81326162815094]","[-3.208521842956543, -6.006791114807129, 1.4941587448120117, 1.421737790107727, 9.759495735168457, 0.30199381709098816, 12.483919143676758, 4.54113245010376, 8.718472480773926, 3.7250139713287354, 4.804422378540039, 1.7344365119934082, 13.727356910705566, -1.1651405096054077, 4.068819999694824, -1.5202540159225464, 0.9914239645004272, -0.04376423731446266, 17.033954620361328, 9.028338432312012, 0.0]",0.1512,0.1340
params_5_6.pt,0.6353,-2.2893,-1.1060,1.4910,0.0847,0.0797,-0.1369,1.7084,"[1.81326162815094, 35.5013313293457, 0.5008844137191772, 0.9789806604385376, 0.6078138947486877, 1.81326162815094, 0.506857693195343, 0.5091611742973328, 1.9307465553283691, 0.5019585490226746, 0.5061390399932861, 0.5011812448501587, 2.479877471923828, 0.5017971992492676, 0.9923114776611328, 0.5019042491912842, 2.4367806911468506, 2.5541532039642334, 0.5194060206413269, 0.8862443566322327, 1.81326162815094]","[-0.2823149561882019, 6.4705352783203125, 0.3557271957397461, -0.6073083281517029, 0.3755522668361664, -0.47259488701820374, -0.13618013262748718, -0.7409003973007202, -2.5831451416015625, 0.5327998995780945, 0.4756929874420166, 0.9184032082557678, 7.681999683380127, 1.412266731262207, -1.7012214660644531, 0.9548835158348083, 1.0483160018920898, 1.4102083444595337, -0.23843629658222198, 1.559209942817688, 0.0]",0.1332,0.1310
params_4_8.pt,0.2661,-0.1980,-0.3737,0.2322,0.1724,-0.0815,-0.1184,1.6210,"[1.81326162815094, 7.861050605773926, 5.324033260345459, 0.5007060766220093, 0.5008257031440735, 1.81326162815094, 1.4310206174850464, 5.872991561889648, 0.5005401372909546, 3.3362624645233154, 3.8276431560516357, 0.5003511905670166, 4.927098274230957, 2.073057174682617, 1.0426738262176514, 0.5014694333076477, 9.608176231384277, 6.225732326507568, 1.3918604850769043, 0.6920360326766968, 1.81326162815094]","[16.97419548034668, 0.19795571267604828, 2.3282904624938965, 9.164103507995605, 1.4646811485290527, 2.7912471294403076, -22.551799774169922, 11.9054536819458, 15.560408592224121, -7.891713619232178, 11.677264213562012, 12.542850494384766, 30.474050521850586, 8.0958833694458, 1.847060203552246, 13.667765617370605, 13.319189071655273, 6.964345455169678, 0.9690431356430054, -12.520740509033203, 0.0]",0.1392,0.1286
params_3_2.pt,0.6479,-0.4614,-0.6945,0.6423,0.0623,-0.0625,-0.0853,0.4245,"[1.81326162815094, 4.698433876037598, 0.5015971064567566, 0.5004492998123169, 1.6816428899765015, 1.81326162815094, 1.391385793685913, 0.8273974657058716, 1.0796005725860596, 2.249654769897461, 1.0995092391967773, 1.232396125793457, 0.5214740037918091, 0.9192184209823608, 0.7444835305213928, 0.5027179718017578, 3.4467365741729736, 0.5042012929916382, 3.935345411300659, 3.127413034439087, 1.81326162815094]","[-0.03982633724808693, 0.9864718914031982, 5.2299275398254395, 5.545938491821289, -5.614488124847412, 1.0196083784103394, -5.761016845703125, 0.1502864509820938, 2.793092966079712, 0.4634953439235687, -2.783958911895752, 1.0837386846542358, 11.706659317016602, -0.37789186835289, -1.8621840476989746, 0.2173454612493515, -0.1092897579073906, 3.5659573078155518, -2.0138540267944336, -2.4418420791625977, 0.0]",0.1845,0.1339
params_7_1.pt,0.3225,0.0248,-0.2912,-0.1255,0.0898,0.0706,-0.0802,0.4106,"[1.81326162815094, 0.5033320188522339, 3.274456262588501, 1.1352412700653076, 3.2213919162750244, 1.81326162815094, 0.5055760741233826, 0.5018680691719055, 2.7269623279571533, 0.5018056631088257, 0.5018057823181152, 0.5009427666664124, 5.762768268585205, 0.6676728129386902, 1.0977373123168945, 0.5005704760551453, 0.5007220506668091, 0.5008954405784607, 8.451892852783203, 0.5012949705123901, 1.81326162815094]","[-0.7654409408569336, 2.601829767227173, 5.05757999420166, 0.3919426500797272, 7.691652774810791, 8.08046817779541, 10.928194999694824, -6.890328407287598, -2.6008639335632324, -2.2355692386627197, 0.24520932137966156, -1.369610071182251, 11.222502708435059, 3.888319969177246, 1.4078092575073242, 3.0317046642303467, 1.7337299585342407, 3.311126232147217, 2.770871877670288, 6.1259894371032715, 0.0]",0.2117,0.1873
params_1_5.pt,0.4519,-0.6153,-0.4678,0.5065,0.1509,-0.0201,-0.1069,0.4723,"[1.81326162815094, 42.84446334838867, 0.5377522110939026, 1.4520447254180908, 0.5024291276931763, 1.81326162815094, 1.6430706977844238, 1.4037511348724365, 0.6011015176773071, 1.4242401123046875, 1.9644081592559814, 0.5032944083213806, 0.5027663111686707, 0.501638650894165, 3.005890130996704, 0.5012837648391724, 0.5006173253059387, 2.9961612224578857, 4.5752177238464355, 1.7116763591766357, 1.81326162815094]","[0.2308402955532074, 24.910985946655273, 5.370153427124023, -6.411070823669434, -1.5158333778381348, -7.511452674865723, 21.91081428527832, 0.2162727266550064, -1.9005403518676758, 1.4757651090621948, -7.000583648681641, 2.7919678688049316, 35.63290786743164, -8.779492378234863, -3.2061336040496826, 1.3949294090270996, -1.0613677501678467, 6.440398216247559, -2.396637439727783, 14.292502403259277, 0.0]",0.1651,0.1477
params_8_6.pt,0.2412,-0.5102,-0.2315,0.3186,0.0374,0.0582,-0.1558,0.2135,"[1.81326162815094, 7.18228006362915, 5.496273517608643, 0.5023264288902283, 2.0276548862457275, 1.81326162815094, 2.0792994499206543, 0.5003258585929871, 0.6485129594802856, 1.8871452808380127, 0.500473141670227, 0.501670241355896, 0.5016822218894958, 0.5012770891189575, 3.672849178314209, 0.5002389550209045, 0.5015321373939514, 3.4617862701416016, 2.7709875106811523, 3.486119270324707, 1.81326162815094]","[-2.379953384399414, -3.014352560043335, -14.11687183380127, 1.9557445049285889, 0.6421234607696533, -1.026276707649231, 6.642721652984619, 9.95425796508789, 6.736184597015381, -4.188307285308838, 6.481903076171875, -3.169037342071533, 1.8931394815444946, -0.036542683839797974, -11.042264938354492, 1.399044394493103, -1.2868233919143677, 3.3665611743927, -3.3017261028289795, -8.096179008483887, 0.0]",0.1599,0.1490
params_0_2.pt,0.5168,-0.0445,-0.5539,0.1327,0.1551,-0.0655,-0.0440,-0.0476,"[1.81326162815094, 8.629563331604004, 0.5048096776008606, 1.5357047319412231, 2.468428611755371, 1.81326162815094, 3.6423768997192383, 0.5008625388145447, 2.0328896045684814, 0.7666854858398438, 3.161083221435547, 0.5008097290992737, 0.5015316009521484, 0.5007030963897705, 1.2025283575057983, 2.190089464187622, 0.5010694861412048, 0.5007956624031067, 5.992062568664551, 0.5012559294700623, 1.81326162815094]","[5.337719917297363, 16.555057525634766, -2.163113594055176, -0.8531783819198608, -6.398260593414307, 8.510284423828125, 11.519978523254395, -4.09415864944458, 4.650516033172607, -0.9107804298400879, 8.08503246307373, 3.233370542526245, 5.9026689529418945, 3.636509895324707, 5.153059959411621, 6.658891677856445, -1.942373275756836, 0.08202538639307022, 1.0245646238327026, 3.398981809616089, 0.0]",0.2147,0.1812
params_9_5.pt,0.5213,-0.0801,-0.4921,-0.0175,0.0634,-0.0610,0.0643,0.4262,"[1.81326162815094, 0.5016969442367554, 1.7675232887268066, 0.7343551516532898, 6.546762466430664, 1.81326162815094, 1.6089190244674683, 0.5014054775238037, 1.1319563388824463, 0.5020652413368225, 0.5008894205093384, 0.500434935092926, 7.733043670654297, 0.7057573795318604, 0.5043979287147522, 0.501422643661499, 0.501075267791748, 0.5012719631195068, 4.481672286987305, 0.5031647086143494, 1.81326162815094]","[-0.08511839061975479, 3.997370719909668, 8.663204193115234, 0.5739739537239075, 2.957197427749634, 8.610264778137207, 5.6592116355896, -7.626964569091797, -1.034711241722107, -4.780920028686523, -2.547668695449829, -2.414752960205078, 10.235481262207031, 4.481875419616699, 2.8215482234954834, 4.074206829071045, 2.587477684020996, 1.8088940382003784, 1.758028268814087, 6.4907636642456055, 0.0]",0.1516,0.1401
params_8_8.pt,0.2369,0.2080,-0.1331,-0.2542,-0.1184,-0.0638,0.1736,1.1971,"[1.81326162815094, 0.5013266205787659, 1.3907196521759033, 2.1880431175231934, 0.5000982880592346, 1.81326162815094, 0.5014247298240662, 2.229376792907715, 4.282074928283691, 0.5003292560577393, 0.5018023252487183, 5.91729211807251, 0.5003872513771057, 2.1765995025634766, 2.421020984649658, 4.973781585693359, 0.5028526782989502, 4.906485557556152, 4.9329071044921875, 0.5005038976669312, 1.81326162815094]","[-19.427452087402344, -22.989212036132812, -6.6776628494262695, -17.672922134399414, 4.865187168121338, -12.70090103149414, -13.33393669128418, -9.912567138671875, -1.558113932609558, 4.684788703918457, -16.81097984313965, -18.321672439575195, 12.094686508178711, -13.316415786743164, -13.428799629211426, -18.865665435791016, -14.153581619262695, -14.1341552734375, -5.33402156829834, 3.164085865020752, 0.0]",0.1151,0.1016
params_7_6.pt,0.5628,-0.6034,-0.6572,0.4511,-0.1234,0.0559,-0.0502,0.8488,"[1.81326162815094, 0.5154125094413757, 0.500709056854248, 0.5014154314994812, 4.098512172698975, 1.81326162815094, 2.0878162384033203, 0.500394344329834, 0.5128813982009888, 2.1691081523895264, 0.5033432841300964, 0.5002824068069458, 0.5020658373832703, 1.3035812377929688, 0.9922935962677002, 0.6990936994552612, 7.465712070465088, 0.5231793522834778, 3.340876817703247, 4.5709228515625, 1.81326162815094]","[0.16746579110622406, -3.6113662719726562, -4.851464748382568, -6.799811840057373, 1.5985227823257446, -4.669125556945801, 3.6383447647094727, 0.5626342296600342, -1.2040754556655884, -1.498162031173706, 7.691552639007568, -2.113409996032715, -4.797857284545898, -3.2293336391448975, -6.604424476623535, 3.875086545944214, -2.3724405765533447, 1.4005779027938843, 3.261413812637329, -4.968757629394531, 0.0]",0.2233,0.2213
params_1_7.pt,0.0342,-0.1021,-0.2199,0.2132,0.1519,-0.0837,-0.1217,1.4542,"[1.81326162815094, 10.257372856140137, 0.5017856359481812, 0.5026757717132568, 0.503366231918335, 1.81326162815094, 6.447044849395752, 4.185880661010742, 0.7414317727088928, 4.38124942779541, 4.744724273681641, 0.500618577003479, 7.50565767288208, 2.50243878364563, 0.8157209157943726, 3.7049248218536377, 2.0415849685668945, 5.818752288818359, 3.6870436668395996, 2.114530563354492, 1.81326162815094]","[5.727872371673584, 1.7866244316101074, 3.1534934043884277, 8.68603801727295, 3.2840707302093506, 3.724992513656616, -3.1270406246185303, 1.6767600774765015, 10.439065933227539, -6.410464763641357, -6.371297836303711, 7.181624889373779, 23.793582916259766, 3.9927430152893066, 4.849714756011963, 1.027532696723938, 2.9726908206939697, 6.080986499786377, 1.0651626586914062, -3.3250718116760254, 0.0]",0.0820,0.0762
params_6_4.pt,-0.2069,0.0056,-0.0281,0.1729,0.1290,-0.0527,-0.0883,1.2727,"[1.81326162815094, 6.6785101890563965, 2.2431800365448, 1.2272255420684814, 1.9762074947357178, 1.81326162815094, 9.282215118408203, 4.545391082763672, 0.8388261795043945, 2.457784652709961, 4.856365203857422, 1.2152204513549805, 1.4803884029388428, 3.128627061843872, 2.0594465732574463, 1.8080111742019653, 0.5007933974266052, 2.3081564903259277, 4.976449012756348, 4.328688621520996, 1.81326162815094]","[6.099932670593262, 0.7945215702056885, 4.913138389587402, 4.9399733543396, 0.3619982600212097, 4.358725547790527, -4.606494903564453, 5.3052520751953125, 7.34295654296875, -7.056731224060059, -6.28548526763916, 6.020415782928467, 14.715435028076172, -0.46415284276008606, 0.6095166802406311, 2.892160654067993, 1.3317420482635498, 3.7078657150268555, -0.01923375576734543, -0.7127721905708313, 0.0]",0.1364,0.1183
params_7_4.pt,0.0289,-0.0230,-0.2096,0.2297,0.1366,-0.1166,0.0023,0.6417,"[1.81326162815094, 3.7674624919891357, 1.7210355997085571, 1.9726321697235107, 3.078277587890625, 1.81326162815094, 4.240231037139893, 2.9642841815948486, 0.5017430186271667, 4.191411018371582, 2.7712509632110596, 0.509215772151947, 0.5116010308265686, 1.6202795505523682, 1.3219010829925537, 1.0015573501586914, 6.067300796508789, 2.209603786468506, 3.3233628273010254, 7.9095869064331055, 1.81326162815094]","[0.4729967415332794, -0.8848676085472107, 1.9560195207595825, -1.793965220451355, -3.2529335021972656, 0.3682803213596344, -2.083819627761841, 0.5527814030647278, 2.7734415531158447, -5.643630027770996, -4.189458847045898, 2.590681791305542, 10.399473190307617, -1.3603142499923706, -2.5312323570251465, 1.1285597085952759, -1.7233113050460815, 0.5731312036514282, -2.7601442337036133, -8.714743614196777, 0.0]",0.1776,0.1467
params_4_5.pt,0.5073,-0.3320,-0.3861,0.3469,0.0667,0.1153,-0.2276,0.8274,"[1.81326162815094, 32.47492599487305, 0.5016908049583435, 1.2032009363174438, 1.0246610641479492, 1.81326162815094, 2.1665303707122803, 2.5427606105804443, 1.4876008033752441, 0.7462775111198425, 0.500360906124115, 0.5005667209625244, 5.528882026672363, 0.5406627655029297, 0.5002185702323914, 0.5612325072288513, 1.10310959815979, 0.5008622407913208, 6.141334056854248, 2.7885026931762695, 1.81326162815094]","[-16.305017471313477, -15.867919921875, 5.869450569152832, 3.9968326091766357, -2.7125778198242188, -2.770538806915283, -2.780667543411255, 0.4263644218444824, -5.120389461517334, -4.5376482009887695, 6.0571112632751465, -4.993765354156494, -2.99637770652771, -3.1226089000701904, 5.360240459442139, -2.0611345767974854, -4.429275989532471, -1.7992550134658813, 15.062500953674316, 0.2800008952617645, 0.0]",0.1621,0.1472
params_7_8.pt,-0.1914,-0.2988,-0.1029,0.1622,0.1751,-0.0780,-0.0367,1.2992,"[1.81326162815094, 35.64198303222656, 1.4392976760864258, 0.5101505517959595, 3.596278190612793, 1.81326162815094, 2.4953951835632324, 3.876161575317383, 1.136521577835083, 0.5029797554016113, 9.526816368103027, 1.2665934562683105, 0.5005609393119812, 0.5002040266990662, 0.5014049410820007, 3.3196358680725098, 4.832134246826172, 0.5067176818847656, 5.156918048858643, 2.597891330718994, 1.81326162815094]","[-1.226899266242981, -13.578357696533203, 0.22285856306552887, -0.17694540321826935, -2.260897636413574, 2.834876775741577, -5.502304553985596, 3.463433265686035, -0.5114074945449829, 0.3150272071361542, 0.3262801170349121, 2.094477653503418, 0.4051957130432129, 3.835315227508545, -0.6383695602416992, 5.885297775268555, 5.370593070983887, 2.48956298828125, -3.4086053371429443, 0.36709150671958923, 0.0]",0.0909,0.1126
params_5_4.pt,-0.0245,-0.1179,-0.1930,0.0061,-0.0060,0.0083,-0.1022,0.8192,"[1.81326162815094, 22.15587043762207, 1.8737279176712036, 1.213523030281067, 1.8623239994049072, 1.81326162815094, 0.612794816493988, 2.0878024101257324, 1.3663699626922607, 2.406104326248169, 0.5023603439331055, 2.991210699081421, 0.5348715782165527, 3.2287025451660156, 0.5006830096244812, 6.391386032104492, 0.5005338788032532, 0.5005394220352173, 8.955864906311035, 2.067538022994995, 1.81326162815094]","[-1.8214430809020996, -19.468544006347656, -4.302209377288818, -7.579043388366699, -0.8632628917694092, -0.8406460285186768, -2.2401580810546875, 0.538873553276062, -3.141510009765625, -0.20846176147460938, 2.5111358165740967, -2.732093334197998, -1.7318568229675293, -1.099177360534668, -1.7164188623428345, 1.1344528198242188, 2.235640048980713, 2.118171215057373, -4.587178707122803, -3.443923234939575, 0.0]",0.1835,0.2087
params_4_2.pt,-0.3205,0.4482,0.3222,-0.5587,-0.0693,-0.2920,0.2649,0.1883,"[1.81326162815094, 3.460493564605713, 5.457468509674072, 1.9780985116958618, 0.5007856488227844, 1.81326162815094, 0.5086754560470581, 1.9465465545654297, 3.0210893154144287, 0.501840353012085, 0.5010667443275452, 0.505813479423523, 1.8462812900543213, 0.5037975907325745, 0.7526698708534241, 3.947431802749634, 2.2336723804473877, 3.5123400688171387, 0.5013606548309326, 1.0697332620620728, 1.81326162815094]","[-0.15848377346992493, 3.6192824840545654, 0.510448157787323, -0.6480033993721008, -1.2118855714797974, -4.099893093109131, -6.929194927215576, -3.284209966659546, 0.44551894068717957, 0.051791828125715256, -3.3315248489379883, -2.911468029022217, -2.531224012374878, -0.8397627472877502, -2.342377185821533, -4.896003246307373, 0.3682772219181061, -3.4287753105163574, 1.8549870252609253, -2.021751642227173, 0.0]",0.0982,0.0995
params_2_1.pt,-0.0450,-0.0237,-0.0847,-0.0012,0.2512,-0.4483,0.1784,1.2161,"[1.81326162815094, 14.577493667602539, 6.947528839111328, 3.0854485034942627, 2.417022228240967, 1.81326162815094, 4.485788345336914, 6.274810791015625, 1.2420415878295898, 0.5048308372497559, 38.04112243652344, 0.5040960311889648, 0.5212382674217224, 4.621764659881592, 9.017395973205566, 0.5026528239250183, 0.5031682252883911, 0.5015291571617126, 21.51241111755371, 0.5001442432403564, 1.81326162815094]","[1.6738797426223755, 57.18947219848633, -8.78846263885498, -12.486299514770508, -4.370115280151367, -5.526655197143555, -6.596145153045654, 10.55064582824707, 2.983752965927124, -0.4655682444572449, 26.942657470703125, -6.874494552612305, -1.167700171470642, 1.948151707649231, -9.97165584564209, 8.09166431427002, 7.860571384429932, 3.3577847480773926, -8.66265869140625, 2.0319530963897705, 0.0]",0.1133,0.1174
params_8_9.pt,0.2676,-0.8999,-0.4569,1.0647,0.2346,0.0016,-0.1754,0.5328,"[1.81326162815094, 0.5012335777282715, 4.195019721984863, 4.130044937133789, 3.4805495738983154, 1.81326162815094, 0.5010973811149597, 0.5092813372612, 0.5010391473770142, 0.5028448104858398, 3.3169987201690674, 4.9131598472595215, 0.5017232298851013, 3.700218677520752, 1.2107353210449219, 0.5026039481163025, 0.5033462643623352, 7.491106986999512, 2.778964042663574, 0.5009066462516785, 1.81326162815094]","[1.7229106426239014, -0.09799351543188095, -5.39161491394043, -8.389251708984375, -11.12814998626709, -1.4678477048873901, -13.829182624816895, -9.526368141174316, -7.507954120635986, -2.271606206893921, -2.346630573272705, -1.415784478187561, 0.5661934614181519, -6.7025227546691895, -4.669929504394531, 2.827944755554199, -5.668534755706787, 1.3905807733535767, -13.199995994567871, -2.4550864696502686, 0.0]",0.0586,0.0549
params_1_1.pt,0.2629,0.3428,-0.3662,-0.1215,0.0328,-0.0454,-0.0128,0.3697,"[1.81326162815094, 0.501640260219574, 15.75507926940918, 2.138240098953247, 4.326601982116699, 1.81326162815094, 0.5012288689613342, 0.5004773139953613, 2.2079687118530273, 3.2690956592559814, 0.5036113858222961, 2.4776346683502197, 10.539487838745117, 1.3611977100372314, 0.5020314455032349, 0.5029966235160828, 0.5040165781974792, 2.0418505668640137, 6.990170478820801, 3.1438629627227783, 1.81326162815094]","[2.1352505683898926, 20.39406967163086, -19.75113868713379, -2.5030932426452637, -6.886021137237549, 2.081059217453003, 1.164475917816162, 3.899658441543579, -9.68320369720459, -6.3915486335754395, 5.511113166809082, 2.183070182800293, -6.2327961921691895, 8.319232940673828, -2.449185848236084, 6.251859188079834, 2.684283971786499, 1.8591713905334473, -6.74938440322876, -2.1248700618743896, 0.0]",0.1471,0.1411
params_4_6.pt,0.4932,-0.2395,-0.4062,0.1443,-0.4142,-0.3199,0.5639,0.3944,"[1.81326162815094, 0.5328818559646606, 0.5015317797660828, 2.1306583881378174, 1.4415802955627441, 1.81326162815094, 1.3929303884506226, 0.5025847554206848, 0.5022785663604736, 0.5087090134620667, 0.5035048723220825, 0.5018571019172668, 4.291227340698242, 1.2472760677337646, 0.5079970359802246, 0.5214175581932068, 0.5055527091026306, 3.4675393104553223, 7.574341297149658, 0.5011081695556641, 1.81326162815094]","[0.24551939964294434, 1.9413628578186035, -1.1084916591644287, 1.1252188682556152, 0.776949942111969, -3.0215797424316406, -6.6797685623168945, -6.678333759307861, 0.7131907343864441, -1.4610815048217773, -2.813283920288086, -2.9702367782592773, 0.7869269251823425, -0.5350877046585083, -2.510566473007202, -0.14135341346263885, -6.508772373199463, 0.16492733359336853, 0.825393795967102, 2.8819329738616943, 0.0]",0.1527,0.1195
params_6_3.pt,0.4340,-0.6513,-0.3622,0.2886,0.2774,-0.1209,-0.2513,-0.2111,"[1.81326162815094, 3.016378879547119, 0.5170589089393616, 1.3901928663253784, 1.093571662902832, 1.81326162815094, 1.6978551149368286, 6.685058116912842, 1.53428053855896, 0.5084196329116821, 2.847503900527954, 2.01324462890625, 0.5006090402603149, 0.5078945159912109, 0.5028975605964661, 0.5008763670921326, 0.5035362839698792, 1.1437398195266724, 4.668791770935059, 1.3852179050445557, 1.81326162815094]","[-1.4277219772338867, -19.794504165649414, -2.0068678855895996, -2.4341557025909424, -0.048160064965486526, -3.5612337589263916, 1.0470761060714722, 2.1534364223480225, -6.1574506759643555, -1.4707133769989014, 12.278836250305176, -0.30989396572113037, -4.177937030792236, -4.2970194816589355, 2.5453402996063232, -1.7728490829467773, -3.365246534347534, -2.183912515640259, 17.804019927978516, -2.376530408859253, 0.0]",0.1579,0.1597
params_3_1.pt,0.5834,-0.1203,-0.6412,0.0406,-0.0107,-0.2789,0.1957,0.3951,"[1.81326162815094, 0.5021159052848816, 0.8518320322036743, 1.1635746955871582, 5.743144989013672, 1.81326162815094, 1.2013685703277588, 0.5010650753974915, 1.8104294538497925, 0.5002122521400452, 0.5009486675262451, 0.5008976459503174, 0.5011432766914368, 1.4032742977142334, 2.1510956287384033, 0.5005617141723633, 0.5010038614273071, 0.9244270324707031, 2.1067028045654297, 0.5022028684616089, 1.81326162815094]","[-4.294770240783691, 1.6610981225967407, -3.924588680267334, -0.37609902024269104, 1.2815431356430054, -8.228747367858887, -8.337800025939941, 6.621172904968262, -3.261326789855957, 0.4659222364425659, 1.9167461395263672, 2.527503490447998, -6.3145833015441895, -0.14418110251426697, -5.577959060668945, 1.4027026891708374, 1.9304550886154175, 5.602842330932617, -1.7292444705963135, -4.420892715454102, 0.0]",0.2594,0.2335
params_6_6.pt,1.0500,-0.9399,-0.9530,0.8578,-0.1107,-0.0894,0.2918,0.6108,"[1.81326162815094, 0.5376232266426086, 0.7990087270736694, 0.5143059492111206, 0.5027443170547485, 1.81326162815094, 0.5175590515136719, 0.5509706139564514, 2.4827613830566406, 0.5909941792488098, 1.1553752422332764, 0.5069727897644043, 0.5445441007614136, 0.5012564659118652, 1.0505285263061523, 1.2598940134048462, 0.5007139444351196, 0.5007070899009705, 0.5029895901679993, 0.5018432140350342, 1.81326162815094]","[-7.714385986328125, -10.458751678466797, -5.17225980758667, -4.971378326416016, 11.068672180175781, 3.297393321990967, 5.633634090423584, -0.16283497214317322, 7.519820690155029, 2.5411620140075684, -0.8083229064941406, 4.199087142944336, 2.0994045734405518, -0.23812775313854218, -0.29418835043907166, -1.2285207509994507, -9.053059577941895, -3.2691147327423096, 6.833300590515137, 2.6921634674072266, 0.0]",0.1068,0.0768
params_9_7.pt,0.6319,-0.3419,-0.6430,0.4113,-0.2392,0.0626,0.3001,0.4736,"[1.81326162815094, 0.5597493648529053, 3.5781238079071045, 0.5004512071609497, 0.5008839964866638, 1.81326162815094, 0.5004285573959351, 2.2761902809143066, 0.512481153011322, 0.501050591468811, 1.8178399801254272, 0.5472878813743591, 0.5089585185050964, 0.5011529922485352, 0.676952600479126, 1.5804145336151123, 0.5003469586372375, 0.5032321810722351, 0.5025109052658081, 0.5005374550819397, 1.81326162815094]","[1.8850219249725342, 6.4164862632751465, -0.7399036884307861, -4.655994415283203, 0.2567690312862396, 1.2013715505599976, 15.769806861877441, 2.62316632270813, -3.3851511478424072, 1.5712053775787354, 2.1760122776031494, 4.27876615524292, 4.640843868255615, -3.206498384475708, -4.540284633636475, -2.494119167327881, 0.5790413022041321, 0.34067121148109436, 48.23013687133789, 0.7343987822532654, 0.0]",0.0795,0.0739
params_6_0.pt,-0.0217,-0.5231,-0.1944,0.5143,-0.0018,-0.4478,0.3894,0.2179,"[1.81326162815094, 20.369428634643555, 0.5062709450721741, 0.5020386576652527, 1.9202262163162231, 1.81326162815094, 4.128617286682129, 1.4079320430755615, 0.5071682929992676, 2.9899649620056152, 0.5008953809738159, 0.5011507868766785, 0.5023854374885559, 0.9472769498825073, 0.535801351070404, 0.501017153263092, 0.5021002292633057, 2.5243022441864014, 5.922359466552734, 0.502092182636261, 1.81326162815094]","[-1.9663474559783936, 24.032255172729492, -3.9111595153808594, -3.4710514545440674, -10.95838451385498, 3.698988676071167, -0.4053136706352234, -3.8130714893341064, 0.37754008173942566, -4.6073527336120605, 0.026938265189528465, -0.673703670501709, 0.0627552717924118, -1.5042214393615723, -8.411216735839844, 2.365370512008667, -1.7285703420639038, 3.595557689666748, -5.912623882293701, -3.3401830196380615, 0.0]",0.2105,0.1884
params_7_3.pt,0.4257,0.4526,-0.3151,-0.5545,-0.1656,0.1622,0.0805,0.2912,"[1.81326162815094, 0.5005130171775818, 0.5094671249389648, 1.542376160621643, 0.5010707378387451, 1.81326162815094, 0.5004599094390869, 1.247987151145935, 0.8336251974105835, 0.5008964538574219, 0.5027233362197876, 1.3249338865280151, 0.5013741850852966, 0.5016578435897827, 0.8808483481407166, 0.5011625289916992, 0.5006531476974487, 0.5019229054450989, 4.508819103240967, 0.5011319518089294, 1.81326162815094]","[-0.3324360251426697, -0.6263481974601746, -4.75200891494751, -3.942892551422119, 9.325881958007812, -0.6520086526870728, 3.900562047958374, 2.1321284770965576, 5.764825820922852, 3.42268705368042, -4.022637367248535, 4.515239715576172, 0.8877807259559631, -2.223759651184082, 1.2325271368026733, 0.1935625672340393, -1.9146573543548584, -0.7571356296539307, 7.06886625289917, 13.40447998046875, 0.0]",0.1680,0.1380
params_9_3.pt,0.3304,-0.0031,-0.4379,0.0724,0.1439,0.0879,-0.2162,0.6530,"[1.81326162815094, 5.411196231842041, 3.972259044647217, 0.5003679394721985, 1.4422268867492676, 1.81326162815094, 0.5009351372718811, 2.8330554962158203, 0.5251427292823792, 1.1117730140686035, 0.5038032531738281, 0.5004398226737976, 0.5020789504051208, 0.5008293986320496, 0.5036847591400146, 0.5048938989639282, 0.5000792145729065, 0.5017655491828918, 11.824119567871094, 2.9661309719085693, 1.81326162815094]","[15.49356460571289, -73.24048614501953, 0.9447135925292969, 11.689115524291992, 5.368350028991699, 16.02678871154785, 13.898578643798828, 9.68419075012207, 8.044530868530273, 12.588601112365723, 14.387921333312988, 15.732671737670898, 17.85948371887207, 16.04865837097168, 8.957889556884766, 15.42587947845459, 17.894168853759766, 14.638778686523438, 1.4886976480484009, 5.088479518890381, 0.0]",0.2602,0.2669
params_0_3.pt,0.6844,-1.7044,-0.9171,1.1543,0.3565,-0.3424,0.0459,0.4353,"[1.81326162815094, 0.500899612903595, 0.5014486908912659, 0.6775125861167908, 0.8075294494628906, 1.81326162815094, 0.513473629951477, 0.5003331303596497, 2.379721164703369, 0.5175485014915466, 0.7445972561836243, 0.5015072226524353, 2.3276925086975098, 0.869214653968811, 1.0052815675735474, 0.5012383460998535, 2.171886920928955, 0.503186821937561, 0.7695348262786865, 0.5018857717514038, 1.81326162815094]","[-1.3734551668167114, -4.078372955322266, -0.36278975009918213, 0.8981583118438721, 0.9475771188735962, -0.27720433473587036, -2.468494176864624, -2.5005736351013184, -1.1520010232925415, 2.2108912467956543, 1.3807414770126343, 3.6664953231811523, 4.716536045074463, 2.9451770782470703, -0.8595297932624817, 4.329452991485596, 1.0890003442764282, -0.15739184617996216, -4.1716203689575195, 0.39489510655403137, 0.0]",0.1419,0.1186
params_0_9.pt,0.1538,-0.3551,-0.3914,0.3924,0.1365,-0.2771,0.0307,1.1447,"[1.81326162815094, 0.5172446370124817, 0.5092470049858093, 1.3632420301437378, 2.045926094055176, 1.81326162815094, 0.531173825263977, 2.5055787563323975, 4.641631603240967, 0.5105950832366943, 1.81326162815094, 0.6820369958877563, 0.9222801923751831, 2.8694653511047363, 7.75970458984375, 0.5043634176254272, 13.971138000488281, 0.5504909157752991, 0.5213553309440613, 1.6639482975006104, 1.81326162815094]","[-0.14015862345695496, 12.705193519592285, 1.9685468673706055, 2.7456741333007812, 2.5132904052734375, -2.527785539627075, -5.421971797943115, 0.9805914759635925, -2.0145280361175537, -1.0292631387710571, 0.0, 4.352958679199219, 2.062485694885254, 1.6161736249923706, 5.274633407592773, -3.7184746265411377, 7.151102542877197, 1.942029595375061, 27.634668350219727, -0.39330896735191345, 0.0]",0.0208,0.0285
params_4_4.pt,0.8220,-1.0511,-0.9712,0.9770,-0.0342,-0.3518,0.3421,0.8583,"[1.81326162815094, 0.5007765889167786, 0.5023366808891296, 0.5087338089942932, 0.9465906620025635, 1.81326162815094, 0.5116266012191772, 0.5011914968490601, 2.4514641761779785, 1.2183918952941895, 0.6237583756446838, 0.5502774715423584, 2.087111473083496, 0.5135184526443481, 1.329351544380188, 0.503326952457428, 1.8478339910507202, 0.5016770362854004, 0.5030482411384583, 0.5044910907745361, 1.81326162815094]","[-5.373017311096191, 13.395524978637695, 0.9481766819953918, 0.8727995157241821, -2.522650718688965, -2.428041458129883, -5.200905799865723, 3.0155954360961914, -1.6743367910385132, -3.966749429702759, 3.2755658626556396, 1.0211081504821777, 5.780805587768555, 0.421305388212204, 0.6438036561012268, 3.974285125732422, 2.2089855670928955, 4.883105278015137, -4.553921222686768, 1.7944519519805908, 0.0]",0.1933,0.1682
params_2_0.pt,0.6476,-0.0471,-0.6203,-0.3331,0.2806,-0.3552,-0.2346,1.3800,"[1.81326162815094, 3.5054824352264404, 3.032191038131714, 0.5004062652587891, 0.5006473064422607, 1.81326162815094, 3.7628002166748047, 0.5017678141593933, 2.5116493701934814, 0.5002795457839966, 0.6948586702346802, 0.5001388788223267, 0.5009774565696716, 0.5025338530540466, 1.571326732635498, 0.5026301145553589, 0.5094881653785706, 0.5025643110275269, 1.456282615661621, 1.0908873081207275, 1.81326162815094]","[-0.5637078881263733, 3.865441083908081, -0.9061779379844666, 0.9398808479309082, 3.2962393760681152, -1.0751420259475708, -0.05232177674770355, -0.3010801672935486, 1.751580834388733, 2.983659029006958, -0.8535450100898743, 3.857606887817383, -2.0975420475006104, -0.24996261298656464, -3.2325010299682617, -1.9766900539398193, 2.209474802017212, 0.04883622005581856, 0.8199576139450073, -1.83636474609375, 0.0]",0.1337,0.1183
params_8_4.pt,0.4822,-0.0530,-0.5131,0.0903,-0.0870,0.0376,-0.0088,0.2513,"[1.81326162815094, 0.5007753372192383, 0.5021241903305054, 1.7771146297454834, 1.5180867910385132, 1.81326162815094, 2.306830883026123, 0.5493714809417725, 1.243593692779541, 1.8591663837432861, 1.7907706499099731, 0.5009960532188416, 5.6762824058532715, 0.8216112852096558, 1.9292770624160767, 0.5014845728874207, 1.7090905904769897, 0.5007767677307129, 4.108334541320801, 0.5024463534355164, 1.81326162815094]","[0.8738641738891602, -0.37457698583602905, -9.199617385864258, -0.9938704371452332, -7.464316368103027, -12.885808944702148, -7.613900661468506, 3.266725540161133, -1.0998634099960327, 1.7662391662597656, -9.651984214782715, 7.207295894622803, 2.592459201812744, 3.2584228515625, -4.83123254776001, -5.0114240646362305, -1.9153716564178467, 0.11490291357040405, -8.573038101196289, -5.323698997497559, 0.0]",0.2198,0.1782
params_5_3.pt,0.2790,0.2020,-0.1212,-0.2713,-0.0846,0.3087,-0.1431,-0.1740,"[1.81326162815094, 3.2942745685577393, 0.5010873079299927, 0.5013713836669922, 0.5009649991989136, 1.81326162815094, 0.5018781423568726, 1.2427525520324707, 1.5078222751617432, 0.5004554986953735, 0.5008369088172913, 1.4892652034759521, 0.5045529007911682, 0.5044186115264893, 1.0154500007629395, 0.5005004405975342, 0.5004369616508484, 0.5034343004226685, 4.433248519897461, 0.50568687915802, 1.81326162815094]","[-7.121833801269531, 2.5365891456604004, 1.410376787185669, 1.4652223587036133, 9.23315143585205, 4.965638637542725, 6.452637672424316, -1.6321849822998047, 3.2706987857818604, 2.480334520339966, -1.0583668947219849, 1.829909086227417, 6.077263355255127, 1.0308469533920288, 0.06940387189388275, 0.7477165460586548, 0.5136024355888367, 0.28905007243156433, 8.480857849121094, 7.891347408294678, 0.0]",0.1503,0.1343
params_1_4.pt,0.4452,-0.0612,-0.4446,0.0285,0.0819,-0.1565,0.1102,0.2547,"[1.81326162815094, 6.9203386306762695, 0.5015460252761841, 0.992000937461853, 7.200810432434082, 1.81326162815094, 2.7325708866119385, 0.5014994740486145, 0.9614030122756958, 0.5007572770118713, 1.872449517250061, 0.5008004307746887, 10.389249801635742, 1.655257225036621, 0.9108290672302246, 0.5433523654937744, 0.5006884336471558, 0.7366490364074707, 6.291466236114502, 0.6350841522216797, 1.81326162815094]","[-4.016883850097656, -2.0893921852111816, 7.429205894470215, -4.341182708740234, 13.095846176147461, 24.973148345947266, 9.651826858520508, -15.571077346801758, -7.779611110687256, -14.283824920654297, 0.8202925324440002, -6.05596399307251, 17.026201248168945, 4.291763782501221, 3.800135850906372, 11.16859245300293, -6.94251012802124, 3.1023547649383545, -4.699253082275391, 12.920231819152832, 0.0]",0.1612,0.1439
params_7_2.pt,-0.2972,0.0811,0.2293,-0.0745,0.1320,-0.5611,0.2877,0.7222,"[1.81326162815094, 0.5031205415725708, 0.5018662810325623, 3.530390977859497, 0.5048760771751404, 1.81326162815094, 1.958539366722107, 13.777290344238281, 2.6335158348083496, 0.5019671320915222, 1.2491493225097656, 4.892231464385986, 0.5016882419586182, 4.65102481842041, 1.0384643077850342, 0.5010928511619568, 0.5062967538833618, 3.726860284805298, 3.5740559101104736, 0.5006052851676941, 1.81326162815094]","[-5.153016090393066, -40.14523696899414, -0.8357502818107605, 2.666853904724121, 7.20621395111084, -0.7759420871734619, -2.0210604667663574, -4.062285900115967, -2.9713246822357178, 0.32528233528137207, 1.513352394104004, 0.005672067869454622, 0.23435771465301514, -4.606252193450928, 0.8166326284408569, -0.377214252948761, 5.0926032066345215, 3.7804207801818848, 3.466337203979492, -4.286523818969727, 0.0]",0.0604,0.0842
params_8_1.pt,0.0164,-0.0120,-0.1493,0.1884,-0.0193,-0.0195,-0.0416,0.2774,"[1.81326162815094, 4.30300235748291, 5.090696334838867, 0.7588379383087158, 1.46315598487854, 1.81326162815094, 6.267056941986084, 2.8618884086608887, 0.5009002089500427, 5.8017377853393555, 3.412236213684082, 0.5020920038223267, 8.181543350219727, 2.1939029693603516, 1.701555848121643, 2.1013665199279785, 0.5012091398239136, 1.0573077201843262, 4.166119575500488, 4.391055107116699, 1.81326162815094]","[1.830458402633667, -2.6799263954162598, -4.812761306762695, 3.044955253601074, -2.171067953109741, 2.044614553451538, -6.921624183654785, -0.5741531252861023, 2.9159631729125977, -8.536836624145508, -8.290847778320312, 0.5775126814842224, 17.197141647338867, -2.3523569107055664, -2.5180492401123047, -0.5299157500267029, 2.2898294925689697, 0.6122540235519409, -1.7797812223434448, -4.1056671142578125, 0.0]",0.1821,0.1475
params_6_5.pt,0.5542,-0.3612,-0.6054,0.5852,-0.0646,0.0763,-0.1057,0.6419,"[1.81326162815094, 3.249983310699463, 0.5009281039237976, 0.5006551146507263, 2.7306506633758545, 1.81326162815094, 0.5028075575828552, 1.3360989093780518, 1.309005856513977, 2.5488598346710205, 1.2781047821044922, 1.7264498472213745, 1.065928339958191, 1.28862726688385, 0.8372344970703125, 0.5014157295227051, 5.456812381744385, 0.5030575394630432, 3.7623040676116943, 2.91410493850708, 1.81326162815094]","[-0.46588608622550964, -1.6520957946777344, 2.4343903064727783, 3.3892130851745605, -6.033300876617432, 2.2842087745666504, -5.097146034240723, -1.2164982557296753, 0.9273625612258911, -0.3739769160747528, -3.829977035522461, -2.331820487976074, 5.734624862670898, -1.3924719095230103, -3.223292112350464, 0.3998265266418457, 1.7474621534347534, -0.2974913716316223, -1.2546025514602661, -6.626363277435303, 0.0]",0.2333,0.1725
params_5_9.pt,0.3068,-0.0726,-0.4922,0.0837,0.0336,0.1541,-0.2263,0.3745,"[1.81326162815094, 30.36573028564453, 2.500805139541626, 1.287447214126587, 0.5009724497795105, 1.81326162815094, 1.6540087461471558, 6.318368911743164, 0.5025316476821899, 2.512281656265259, 0.563234269618988, 1.0887118577957153, 0.5065809488296509, 3.04421329498291, 2.7274932861328125, 0.5040974617004395, 2.577442169189453, 0.5331372618675232, 0.5016867518424988, 0.5027634501457214, 1.81326162815094]","[7.326948642730713, -47.66160202026367, 0.08781071752309799, -3.1355788707733154, -0.5659691095352173, -4.906741142272949, -0.3172133266925812, 8.617264747619629, 1.206199288368225, -0.3197776973247528, -1.6407604217529297, -0.43940815329551697, 6.47443962097168, 2.0793466567993164, -7.883366584777832, 3.6779963970184326, -1.0350537300109863, -12.087299346923828, -3.4168198108673096, -15.425884246826172, 0.0]",0.1788,0.1986
params_1_6.pt,0.7458,-1.2672,-0.9665,1.1782,0.1578,0.2474,-0.3355,1.1137,"[1.81326162815094, 5.027753829956055, 0.5110424160957336, 0.5018948912620544, 0.5473518967628479, 1.81326162815094, 0.5066405534744263, 0.5018219947814941, 2.240635871887207, 0.5046629309654236, 0.570619523525238, 0.5843894481658936, 1.3306972980499268, 0.6302759647369385, 0.8031955361366272, 0.5090168118476868, 1.635263442993164, 0.5011627674102783, 0.5058222413063049, 1.297528624534607, 1.81326162815094]","[0.18432918190956116, -16.18252944946289, 1.3401206731796265, 2.352438449859619, 2.7336366176605225, 3.922576427459717, 2.8829104900360107, 1.5211926698684692, -3.1892943382263184, 3.6117331981658936, 3.91342830657959, 3.0359132289886475, 5.232568264007568, 3.5359175205230713, -0.7224551439285278, 3.447096824645996, 3.041609048843384, 3.084172487258911, 0.9001455903053284, 2.577211856842041, 0.0]",0.2189,0.1848
params_0_5.pt,0.3263,-0.0396,-0.4687,0.1324,-0.1375,-0.0705,0.0937,0.5190,"[1.81326162815094, 8.866141319274902, 1.906039834022522, 1.1268091201782227, 0.5045920610427856, 1.81326162815094, 0.5063842535018921, 0.5012835264205933, 0.5032156109809875, 3.697627067565918, 0.503021776676178, 1.007399082183838, 4.553674697875977, 2.1474857330322266, 1.2919142246246338, 0.6352774500846863, 2.8775596618652344, 2.834545612335205, 0.5231329202651978, 0.6754710674285889, 1.81326162815094]","[3.3837296962738037, -11.737776756286621, 3.4742679595947266, -4.078325271606445, -10.159217834472656, 0.7276862263679504, 1.1283708810806274, 1.8712581396102905, 3.1126787662506104, 3.8813252449035645, -4.439125061035156, -0.38342633843421936, 17.5054874420166, -3.4128470420837402, -5.098050594329834, 1.1026519536972046, -4.347382545471191, -0.6959506869316101, -5.948583126068115, -10.046266555786133, 0.0]",0.2003,0.2014
params_2_3.pt,0.3280,-0.0078,-0.2936,-0.0488,0.1001,0.0090,-0.0567,0.2429,"[1.81326162815094, 0.5021197199821472, 3.226341485977173, 0.9715859293937683, 8.493261337280273, 1.81326162815094, 1.1559689044952393, 0.5014557838439941, 2.7456772327423096, 0.5016651749610901, 0.5012149810791016, 0.5062521696090698, 8.45052719116211, 1.0388684272766113, 0.6352893114089966, 0.5004896521568298, 0.5014969110488892, 0.5009101629257202, 15.062541961669922, 0.5242411494255066, 1.81326162815094]","[-3.342757225036621, 2.3008081912994385, 6.046304702758789, 0.2923913896083832, 12.110230445861816, 12.52373218536377, 11.420703887939453, -9.958648681640625, -0.956640899181366, -2.065138339996338, -2.0950703620910645, -3.3263511657714844, 14.269586563110352, 1.8867664337158203, 6.89300537109375, 4.478409290313721, 3.880333423614502, 4.144640922546387, 6.55338716506958, 8.810378074645996, 0.0]",0.2275,0.2178
params_0_0.pt,0.0792,0.2646,0.0768,-0.2642,-0.1335,-0.2914,0.3684,1.2023,"[1.81326162815094, 1.5760221481323242, 2.368720531463623, 4.371579647064209, 0.580553412437439, 1.81326162815094, 0.639940083026886, 1.6877985000610352, 2.2077994346618652, 0.500314474105835, 0.501139760017395, 0.5016366839408875, 0.5810922980308533, 0.5006146430969238, 0.6323232650756836, 6.413997173309326, 0.5500785112380981, 0.5007326006889343, 0.5012252926826477, 0.5004509687423706, 1.81326162815094]","[-14.323001861572266, 11.0398588180542, 1.211445689201355, -5.62188196182251, -5.630799293518066, -1.108336091041565, -18.202442169189453, -8.624795913696289, -5.782190799713135, 2.225208282470703, -1.6880369186401367, -5.4802937507629395, -12.812751770019531, -2.5180459022521973, 1.2981529235839844, -4.399879455566406, -4.07077169418335, -4.8676981925964355, -1.4557956457138062, 2.0539116859436035, 0.0]",0.0901,0.0980
params_6_1.pt,0.3735,0.0301,-0.3512,-0.0691,0.0015,0.0344,-0.0529,0.7609,"[1.81326162815094, 0.5224335193634033, 6.486547946929932, 0.5014731884002686, 4.206173896789551, 1.81326162815094, 1.803722858428955, 0.5014743804931641, 1.4225184917449951, 0.7105351686477661, 0.5063758492469788, 3.71321702003479, 0.5004178285598755, 2.0336477756500244, 0.5000988245010376, 0.5007703900337219, 0.5020626187324524, 5.412021636962891, 18.879348754882812, 0.5188280344009399, 1.81326162815094]","[10.486080169677734, -1.9539052248001099, 1.0367975234985352, 8.07629680633545, 2.3554444313049316, -15.79318618774414, -23.822996139526367, 23.85110855102539, 14.820270538330078, -0.12578445672988892, -3.7359273433685303, -24.516498565673828, 16.715951919555664, -16.152263641357422, 20.471744537353516, 3.276784896850586, -19.56345558166504, -9.854196548461914, -6.323644161224365, -0.703834593296051, 0.0]",0.1717,0.1530
params_7_7.pt,0.3687,-0.8390,-0.5279,0.8891,0.0830,0.3605,-0.5274,0.0657,"[1.81326162815094, 14.14548110961914, 1.9370383024215698, 1.5577641725540161, 0.5006791353225708, 1.81326162815094, 0.5008470416069031, 0.5016713738441467, 2.3539111614227295, 4.341060638427734, 0.8027466535568237, 0.5008408427238464, 8.053413391113281, 0.5002614855766296, 0.5007544159889221, 1.1853151321411133, 1.6057095527648926, 3.898103952407837, 2.413038969039917, 1.7502115964889526, 1.81326162815094]","[5.493175506591797, 19.576091766357422, -6.83838415145874, -5.033781051635742, -12.852356910705566, 0.0702706053853035, -1.714089274406433, 3.0253615379333496, -7.047632694244385, 0.1949065774679184, -2.0574610233306885, -1.962289571762085, 1.32026207447052, -2.361769676208496, -4.619143009185791, 4.590695858001709, 0.6429707407951355, 4.835119724273682, -1.6111218929290771, -1.483958125114441, 0.0]",0.1940,0.1752
params_8_3.pt,0.2124,-0.5707,-0.2823,0.6458,0.3270,0.1146,-0.4797,-0.0400,"[1.81326162815094, 15.45161247253418, 0.5084099173545837, 0.8122891187667847, 2.110382080078125, 1.81326162815094, 0.5017947554588318, 0.5044471621513367, 1.5903993844985962, 5.811891078948975, 0.503410279750824, 0.501564621925354, 13.54151725769043, 0.5020990371704102, 0.6182544827461243, 0.5002699494361877, 5.768154144287109, 1.6534843444824219, 3.322661876678467, 1.0757559537887573, 1.81326162815094]","[9.779451370239258, 23.492076873779297, -4.3308820724487305, -5.113389492034912, -17.43756103515625, -3.831047296524048, -6.693408012390137, -10.941019058227539, -6.4123759269714355, 6.039032459259033, 7.948075294494629, -0.6239420175552368, 3.502525568008423, 2.584778070449829, 5.94265604019165, 9.798873901367188, 6.536095142364502, 7.105686664581299, 12.03044319152832, -5.808107852935791, 0.0]",0.1099,0.1029
params_2_7.pt,0.1344,0.0857,-0.2478,0.0262,-0.1038,-0.3749,0.4232,-0.2778,"[1.81326162815094, 0.5011066794395447, 0.5059220790863037, 0.5047985911369324, 4.003902912139893, 1.81326162815094, 0.5024023652076721, 0.5007985830307007, 0.7257958054542542, 3.174812078475952, 8.957439422607422, 0.8317605257034302, 0.5044348835945129, 0.5011886358261108, 1.0987927913665771, 0.5005711317062378, 0.503678560256958, 0.5431498289108276, 0.5546649694442749, 0.5251877903938293, 1.81326162815094]","[2.8531954288482666, 5.851649284362793, -3.078839063644409, -3.167558431625366, -10.483670234680176, -1.7445204257965088, -3.1390631198883057, -3.843336582183838, -7.606200218200684, -4.698741912841797, -21.48268699645996, -1.3534564971923828, -4.653254508972168, 0.26264604926109314, -8.07994270324707, 0.5402145385742188, -4.942811965942383, -2.7089176177978516, -12.509201049804688, -9.040555953979492, 0.0]",0.2203,0.2094
params_0_1.pt,0.3419,-0.1020,-0.2390,0.0624,0.1450,-0.0005,-0.1559,1.0693,"[1.81326162815094, 35.56219482421875, 0.5012474060058594, 0.5007086992263794, 6.929490566253662, 1.81326162815094, 0.5122843980789185, 0.5014960765838623, 1.2739979028701782, 1.4451755285263062, 0.5012550354003906, 0.5015113353729248, 0.5137110352516174, 0.500130295753479, 0.500659704208374, 0.5018215179443359, 2.361203193664551, 2.6665005683898926, 10.698604583740234, 2.950025796890259, 1.81326162815094]","[-13.365891456604004, -9.577618598937988, 3.5324957370758057, -9.521173477172852, -2.1177120208740234, -5.7285847663879395, -12.579010009765625, -1.1311107873916626, -7.310847282409668, -8.621721267700195, -10.46142292022705, -16.605195999145508, -10.979424476623535, -16.54754638671875, -2.61792254447937, -14.726365089416504, -17.429697036743164, -7.861962795257568, 11.5277738571167, -4.991329669952393, 0.0]",0.2518,0.2250
params_7_5.pt,0.4177,0.0403,-0.3036,-0.3219,0.2350,-0.4560,0.0192,0.6748,"[1.81326162815094, 0.501053512096405, 3.3679616451263428, 0.5020888447761536, 2.60138201713562, 1.81326162815094, 7.324160575866699, 4.831579208374023, 2.993778705596924, 0.5008919835090637, 0.5486827492713928, 0.501316487789154, 0.505976676940918, 0.5061724781990051, 2.2082927227020264, 5.071455955505371, 0.5021398067474365, 0.5016922354698181, 3.443833112716675, 0.948745846748352, 1.81326162815094]","[-0.46351584792137146, 1.0933300256729126, -1.6783326864242554, 1.086073637008667, 2.0771937370300293, -5.196355819702148, 7.193480491638184, 2.3342795372009277, 4.656024932861328, 0.9925949573516846, 1.4495220184326172, 0.40344756841659546, -3.0805535316467285, -1.9321235418319702, -4.109069347381592, -1.337634563446045, 2.225057363510132, 0.8399365544319153, 1.9372146129608154, 0.9305460453033447, 0.0]",0.1352,0.1119
params_9_9.pt,0.2743,-0.5015,-0.3085,0.5245,-0.1355,0.1148,-0.1807,0.9478,"[1.81326162815094, 4.7827677726745605, 0.5004543662071228, 0.500889241695404, 5.679102420806885, 1.81326162815094, 2.4936890602111816, 1.4428017139434814, 1.0693800449371338, 3.783291816711426, 3.190965175628662, 1.6552350521087646, 0.5028277039527893, 1.8359408378601074, 1.1439483165740967, 0.5017923712730408, 0.5321034789085388, 0.8763880729675293, 4.342320442199707, 5.369750499725342, 1.81326162815094]","[-5.404848098754883, 8.998230934143066, -13.134912490844727, 0.528216540813446, 0.023888394236564636, -0.1910291612148285, -5.384133338928223, -3.7328293323516846, 6.1887688636779785, 2.205993413925171, -1.329557180404663, -2.312852621078491, 25.541587829589844, 6.726987361907959, -3.294792890548706, 1.5579406023025513, -2.182875394821167, -5.667496204376221, 4.590986728668213, -6.332106113433838, 0.0]",0.0868,0.0977
params_5_8.pt,0.0303,-0.4274,0.0141,0.3858,0.1202,-0.3128,0.1668,0.4971,"[1.81326162815094, 10.184150695800781, 0.5043932795524597, 0.5003958940505981, 0.5034478902816772, 1.81326162815094, 0.5127933025360107, 4.401272296905518, 1.201974630355835, 0.5019500255584717, 5.5893940925598145, 0.5474478602409363, 3.731365203857422, 0.5063556432723999, 4.7362775802612305, 6.809540748596191, 0.5092031955718994, 10.906890869140625, 0.5011281967163086, 8.65953540802002, 1.81326162815094]","[-4.424283027648926, 15.462201118469238, 4.22819185256958, -6.843214511871338, 38.114715576171875, -2.81238055229187, -6.027626991271973, -10.278373718261719, -0.8172761797904968, 3.4496819972991943, -23.805484771728516, -28.81837272644043, 1.4399547576904297, -11.300461769104004, -17.372488021850586, -1.2251574993133545, -15.8646879196167, -1.83482027053833, 26.755735397338867, 17.14297866821289, 0.0]",0.1562,0.1261
params_4_7.pt,0.5896,0.5113,-0.4992,-0.5535,-0.0479,-0.4099,0.4571,0.9864,"[1.81326162815094, 1.2556185722351074, 1.9110032320022583, 2.564622640609741, 0.5000536441802979, 1.81326162815094, 0.5036144256591797, 1.9076409339904785, 0.500422477722168, 0.5009045004844666, 0.5006033778190613, 1.1618127822875977, 4.600437641143799, 0.5004540681838989, 0.5064401030540466, 3.2176733016967773, 5.57625150680542, 0.5012084245681763, 0.500446617603302, 0.5002625584602356, 1.81326162815094]","[-12.299036026000977, -10.539030075073242, -6.025487899780273, -18.324512481689453, 1.6284723281860352, -8.334031105041504, -3.590125560760498, -9.086006164550781, -0.34248170256614685, -1.7494128942489624, -15.109893798828125, -6.170495510101318, -11.835539817810059, -6.954346179962158, 2.8794772624969482, -14.966794967651367, -0.0324043370783329, -14.958650588989258, 8.274714469909668, 9.720717430114746, 0.0]",0.1711,0.1554
params_3_7.pt,0.5258,-1.0947,-1.1169,1.0416,0.4920,-0.2483,-0.1338,1.5588,"[1.81326162815094, 13.536140441894531, 0.5022741556167603, 0.5020856261253357, 1.1023006439208984, 1.81326162815094, 0.5042275786399841, 0.6071382164955139, 2.3320460319519043, 0.7599096894264221, 1.7409762144088745, 0.5041305422782898, 0.5153263807296753, 0.797602653503418, 1.377713918685913, 1.6587365865707397, 1.580155611038208, 0.5024935603141785, 0.5038042664527893, 1.7415764331817627, 1.81326162815094]","[-2.783167839050293, -22.404340744018555, 0.23541301488876343, 1.865648865699768, 0.36040541529655457, 0.14008468389511108, -0.7250677943229675, 0.5663707256317139, -2.1233155727386475, -1.769736886024475, 3.344405174255371, 3.520864963531494, -3.0705928802490234, 0.7752364277839661, -0.8659723997116089, 4.242242813110352, 1.4502538442611694, 0.4656829833984375, 0.5525492429733276, 1.083448886871338, 0.0]",0.1643,0.1452
params_2_2.pt,0.4374,-0.5779,-0.2926,0.5431,0.0217,-0.3985,0.2202,0.2654,"[1.81326162815094, 2.5724005699157715, 0.5002598166465759, 0.5006361603736877, 3.30855131149292, 1.81326162815094, 1.0965536832809448, 0.7729452848434448, 0.5016016960144043, 2.463214874267578, 0.5231116414070129, 0.8342077732086182, 0.501219630241394, 0.9583349227905273, 0.5012873411178589, 3.624443769454956, 0.5077957510948181, 1.9377645254135132, 3.0788516998291016, 4.470597267150879, 1.81326162815094]","[-5.403834819793701, 5.160055637359619, 0.7019684910774231, -1.5404778718948364, -3.3306219577789307, -3.45304536819458, 0.3246208727359772, -7.450331211090088, -0.9327952265739441, -0.34662196040153503, 1.5420606136322021, -1.6400607824325562, -7.822531700134277, -4.2746381759643555, 3.3662257194519043, 0.1662347912788391, -0.748631477355957, 1.4621814489364624, 5.0646796226501465, 0.3477671444416046, 0.0]",0.2160,0.1899
params_5_0.pt,0.6665,-0.5053,-0.6394,0.3824,-0.0297,0.0069,-0.0758,0.6536,"[1.81326162815094, 2.8141777515411377, 1.3159700632095337, 0.5017495155334473, 6.005429744720459, 1.81326162815094, 1.9949294328689575, 0.502864420413971, 0.5013981461524963, 2.349198341369629, 0.97012859582901, 1.1399457454681396, 0.5037065148353577, 1.4119784832000732, 0.7606507539749146, 0.5035077333450317, 6.785310745239258, 1.4793604612350464, 4.641945838928223, 3.5769543647766113, 1.81326162815094]","[-0.13644720613956451, 2.8462905883789062, -3.1383414268493652, -5.769608974456787, -2.6718316078186035, -2.6339597702026367, -1.0925379991531372, 1.5005818605422974, 3.8325729370117188, -1.1061941385269165, 1.423009991645813, 1.3383240699768066, -13.890892028808594, -1.895389199256897, 0.5647568106651306, 0.84031742811203, 1.0370680093765259, 1.8870530128479004, 4.7049455642700195, 4.457082271575928, 0.0]",0.2233,0.1806
params_1_2.pt,0.2580,-0.3604,-0.2304,0.2023,0.1656,0.3462,-0.4533,0.7387,"[1.81326162815094, 10.270312309265137, 0.5014796853065491, 3.680736780166626, 0.9485862255096436, 1.81326162815094, 9.266840934753418, 2.449455976486206, 0.5037713646888733, 0.5005565881729126, 3.650639772415161, 4.100034236907959, 0.503265917301178, 0.5007818341255188, 0.5022453665733337, 4.762112617492676, 0.5034171938896179, 0.5012972950935364, 1.81326162815094, 1.7143640518188477, 1.81326162815094]","[2.5719404220581055, -1.2369751930236816, 2.664534091949463, -1.842802882194519, 8.80419921875, 1.7039897441864014, -3.6332759857177734, 8.010991096496582, -6.256288051605225, 4.891558647155762, -2.454181671142578, 0.6445494294166565, 0.18739469349384308, 6.99821662902832, 3.039390802383423, 0.5795855522155762, -7.286501407623291, -3.695953845977783, 0.0, 6.112028121948242, 0.0]",0.0519,0.0283
params_7_9.pt,0.5931,0.3190,-0.6601,-0.3280,-0.0514,-0.0157,-0.1483,0.9071,"[1.81326162815094, 0.5336370468139648, 1.406436562538147, 2.830019950866699, 10.844290733337402, 1.81326162815094, 0.5118614435195923, 0.5038800239562988, 1.2608846426010132, 0.5009043216705322, 1.2492907047271729, 0.5032427310943604, 2.746797561645508, 5.440725803375244, 2.262289047241211, 7.565392017364502, 13.199361801147461, 16.692798614501953, 12.601799964904785, 3.7997055053710938, 1.81326162815094]","[23.58733558654785, 2.491187334060669, -7.117270469665527, -1.4341001510620117, -7.010537147521973, 8.624964714050293, 5.594736099243164, 5.95279598236084, -5.43504524230957, 4.944084644317627, 5.273420333862305, 5.430235385894775, 4.36589241027832, -4.761165142059326, -3.411728858947754, -6.459887504577637, -3.811974287033081, 6.71709680557251, -9.52869701385498, -0.824022114276886, 0.0]",0.0904,0.0997
params_0_6.pt,0.5700,-0.5213,-0.4935,0.4080,-0.0347,-0.0916,0.1694,0.1899,"[1.81326162815094, 0.5486046075820923, 0.7975447177886963, 0.502132773399353, 2.021083354949951, 1.81326162815094, 0.7440102696418762, 1.6683218479156494, 0.5104794502258301, 2.3215856552124023, 0.5004981160163879, 0.507012128829956, 0.5053922533988953, 0.5035287141799927, 1.258352279663086, 0.502345621585846, 0.5017324090003967, 2.6967265605926514, 0.8576395511627197, 0.5028185844421387, 1.81326162815094]","[0.5802955627441406, -4.886496543884277, 8.280832290649414, 3.8143932819366455, 3.248732566833496, 1.6356737613677979, 20.336013793945312, 12.544574737548828, 11.509441375732422, 0.11364709585905075, 10.67999267578125, 0.6461666822433472, 9.701667785644531, -3.566868782043457, 8.18644905090332, 0.08076728135347366, 9.074920654296875, 1.5499145984649658, 16.117341995239258, 10.584922790527344, 0.0]",0.1858,0.1700
params_2_8.pt,0.1115,-0.1731,-0.2721,0.3271,0.2361,-0.0764,-0.1267,0.6093,"[1.81326162815094, 5.045961856842041, 1.6084918975830078, 0.5003533959388733, 2.0527336597442627, 1.81326162815094, 3.5814602375030518, 3.8613507747650146, 0.5001682043075562, 4.1472554206848145, 3.2848217487335205, 0.5007849931716919, 0.572496771812439, 1.9338250160217285, 0.9996901750564575, 0.5018539428710938, 7.214926719665527, 1.8613145351409912, 2.6814231872558594, 3.777223587036133, 1.81326162815094]","[-1.0223798751831055, 0.5833525657653809, -0.8011077046394348, 1.8130226135253906, -5.419580936431885, -1.373459815979004, -2.5741004943847656, 2.040379047393799, 4.19340181350708, -6.850949764251709, -5.846208095550537, 4.086069583892822, 12.143604278564453, -0.24010764062404633, -0.35109755396842957, 0.8150350451469421, -2.509941816329956, 1.1055021286010742, -2.2619035243988037, -7.702061653137207, 0.0]",0.1656,0.1398
params_2_4.pt,0.7265,-2.2022,-0.9009,1.4797,0.0653,-0.2197,0.1421,-0.5337,"[1.81326162815094, 0.5019678473472595, 0.5015257596969604, 0.5030576586723328, 0.6375592947006226, 1.81326162815094, 0.5225231051445007, 0.5033186078071594, 2.1857962608337402, 0.7630017995834351, 0.5193936824798584, 0.5021466016769409, 1.3597912788391113, 0.5146259069442749, 1.3945807218551636, 0.5009481906890869, 1.158785104751587, 1.5228773355484009, 0.8689123392105103, 1.0516966581344604, 1.81326162815094]","[-1.0156683921813965, 5.087088108062744, -2.3378918170928955, -2.867436647415161, -2.2958357334136963, -1.7101720571517944, -2.5377085208892822, -4.054661273956299, -5.786606311798096, -1.6852302551269531, -0.8714314103126526, -0.7212104797363281, 1.4343491792678833, -0.6588208675384521, -7.245656967163086, -1.0005156993865967, -1.2839727401733398, -1.4313613176345825, -6.459100246429443, -2.0732157230377197, 0.0]",0.1200,0.1294
params_0_7.pt,0.1159,-0.2785,-0.2666,0.4318,0.2788,-0.0441,-0.2172,0.7230,"[1.81326162815094, 3.5658693313598633, 0.5003677606582642, 0.5002436637878418, 1.20509934425354, 1.81326162815094, 3.0868799686431885, 2.8603248596191406, 0.5007836222648621, 3.7628555297851562, 1.9294933080673218, 0.5008930563926697, 0.5668241381645203, 1.1108613014221191, 0.7813553810119629, 0.5091363787651062, 5.780842304229736, 2.5218515396118164, 1.4909842014312744, 1.7051210403442383, 1.81326162815094]","[-0.8026496767997742, -1.2974203824996948, 2.0763227939605713, 1.8114458322525024, -4.385161876678467, -2.3280489444732666, -4.248007297515869, -1.9787780046463013, 2.917802333831787, -8.003911018371582, -6.088274002075195, 3.3423550128936768, 9.74740219116211, 0.47304567694664, -0.8782509565353394, 0.9459792971611023, -3.4627373218536377, -0.5154948234558105, -3.792921543121338, -9.030282974243164, 0.0]",0.1580,0.1317
params_2_9.pt,0.2442,0.9637,-0.2307,-1.2269,-0.0837,-0.2052,0.1890,1.3322,"[1.81326162815094, 46.03849411010742, 0.5024192333221436, 0.5075786113739014, 0.5003385543823242, 1.81326162815094, 0.5092157125473022, 2.0743887424468994, 7.521867752075195, 2.833515167236328, 0.5299839973449707, 5.7537102699279785, 0.504188060760498, 5.5644917488098145, 0.501160204410553, 0.5039275288581848, 4.933837890625, 0.5010924935340881, 3.7918779850006104, 0.5006375908851624, 1.81326162815094]","[2.3259806632995605, 17.264551162719727, 1.6848992109298706, -5.8765130043029785, 14.117656707763672, -0.5573856830596924, -11.481178283691406, 11.334182739257812, -25.744115829467773, -6.310304164886475, 2.8134267330169678, -2.6973886489868164, 3.5516061782836914, -11.6271390914917, 1.7921243906021118, 5.2219557762146, -2.79356050491333, 10.645605087280273, 5.838080406188965, -0.4302946925163269, 0.0]",0.0515,0.0537
params_1_9.pt,0.1634,-0.0653,-0.1854,0.3585,0.0432,-0.2219,0.2081,-0.7907,"[1.81326162815094, 26.344968795776367, 0.501328706741333, 0.5010448098182678, 2.3815813064575195, 1.81326162815094, 0.5030343532562256, 9.45991325378418, 1.3553470373153687, 0.6017757654190063, 0.5153740644454956, 0.5034061670303345, 0.6253073215484619, 0.5014572143554688, 4.044124603271484, 0.5011424422264099, 0.5009294748306274, 3.838364362716675, 2.9837100505828857, 4.1764373779296875, 1.81326162815094]","[5.219245910644531, -4.738884925842285, 13.057266235351562, 2.0280539989471436, 0.8265697956085205, 2.8064212799072266, -0.42661458253860474, -17.461383819580078, 1.4834486246109009, 5.446307182312012, 0.38388389348983765, 7.286075592041016, 3.008789300918579, 0.8155757188796997, -10.780056953430176, 3.294316530227661, 3.1488428115844727, -0.2306196689605713, 1.444034457206726, -0.4296554923057556, 0.0]",0.1284,0.1087
params_5_1.pt,-0.0023,-0.2993,-0.1009,0.3293,0.1843,-0.3315,0.1542,0.8989,"[1.81326162815094, 3.8594558238983154, 0.5011352300643921, 0.5478593707084656, 2.0135860443115234, 1.81326162815094, 0.5012269616127014, 0.5018541216850281, 2.261932849884033, 0.500493586063385, 6.522017955780029, 0.5015280246734619, 0.5047181844711304, 0.5010225772857666, 0.8305814862251282, 0.5016810297966003, 3.6080639362335205, 2.5019774436950684, 2.8356332778930664, 3.819973945617676, 1.81326162815094]","[18.225502014160156, 19.897472381591797, 9.845717430114746, 6.884139060974121, -6.341391086578369, 7.9996185302734375, 1.090342402458191, -0.7598133087158203, -0.661445140838623, 5.990790367126465, 4.066954612731934, 12.166521072387695, 12.162410736083984, 9.474456787109375, 1.2181814908981323, 14.946403503417969, 11.763031959533691, 13.046636581420898, -14.718024253845215, 3.102020502090454, 0.0]",0.2276,0.2046
params_5_5.pt,0.4110,-0.8368,-0.4568,0.9527,0.0013,0.1493,-0.2107,0.6955,"[1.81326162815094, 0.5018067955970764, 0.5724818706512451, 1.76121187210083, 1.2653961181640625, 1.81326162815094, 0.5008776783943176, 1.8388359546661377, 1.1489589214324951, 0.501127302646637, 0.500696063041687, 0.7281317114830017, 0.5109629034996033, 1.6186882257461548, 0.5987973809242249, 0.5004326701164246, 1.081188440322876, 0.7048077583312988, 5.8500895500183105, 1.2176387310028076, 1.81326162815094]","[-4.871927738189697, -0.8601624965667725, -8.987527847290039, -1.7716732025146484, -4.547165870666504, 1.0837987661361694, -7.978885650634766, -1.1939219236373901, -2.925466299057007, -3.908877372741699, 1.815049648284912, 2.0785956382751465, -2.9389760494232178, 3.6993720531463623, -7.640418529510498, -4.174561500549316, -1.5132859945297241, 2.749582290649414, -11.565202713012695, -3.515568256378174, 0.0]",0.2227,0.2142
params_2_5.pt,0.2512,0.0896,-0.3825,0.1013,-0.1108,-0.0944,0.1411,0.6975,"[1.81326162815094, 0.9414172768592834, 1.7824110984802246, 2.026970386505127, 1.879158616065979, 1.81326162815094, 0.5014602541923523, 0.5003296136856079, 0.5038215517997742, 3.774646759033203, 0.5005893111228943, 1.6336097717285156, 0.9336099624633789, 2.6466972827911377, 3.15366268157959, 0.504598081111908, 5.151466369628906, 2.792196273803711, 9.361475944519043, 2.186815023422241, 1.81326162815094]","[-1.6226269006729126, -4.224560737609863, 0.6025652885437012, -2.7630903720855713, -7.497954845428467, 1.6788928508758545, 0.08434676378965378, -0.7188243269920349, 0.3284611999988556, 1.3489913940429688, -5.734996795654297, -0.5011582970619202, 9.954545021057129, 0.13459345698356628, -8.891070365905762, 3.5585765838623047, -1.416190505027771, -0.837954580783844, -6.963138580322266, -11.271378517150879, 0.0]",0.2475,0.2212
params_1_8.pt,0.0476,-0.1915,-0.2118,0.1412,0.0447,-0.1838,0.1263,0.8844,"[1.81326162815094, 16.02596664428711, 5.20117712020874, 1.4631845951080322, 7.908641338348389, 1.81326162815094, 6.355091094970703, 0.5113217830657959, 0.5018975734710693, 2.388063907623291, 2.337266445159912, 0.5097971558570862, 1.8252428770065308, 2.29841947555542, 2.236726760864258, 0.5001444816589355, 0.5005950331687927, 0.5082070231437683, 10.511455535888672, 4.169599533081055, 1.81326162815094]","[0.029855210334062576, 22.635929107666016, -5.435091018676758, 1.2324079275131226, -6.162304878234863, 3.0083038806915283, -11.134181022644043, -1.5103298425674438, -2.5361056327819824, -0.20207437872886658, -2.3184754848480225, 2.7567172050476074, 6.572520732879639, 0.29863348603248596, -6.054347515106201, 5.8744893074035645, 4.652479648590088, 5.027126789093018, -13.075209617614746, -0.1782274842262268, 0.0]",0.1786,0.1777
params_9_1.pt,0.3732,-0.6667,-0.3568,0.4718,0.1163,0.3201,-0.3057,-0.0726,"[1.81326162815094, 4.097545623779297, 0.5006276369094849, 0.5011802315711975, 1.8738126754760742, 1.81326162815094, 2.1609973907470703, 1.7072871923446655, 0.5011201500892639, 3.4677913188934326, 3.5494561195373535, 0.5007826685905457, 6.059820652008057, 0.500613272190094, 1.279375672340393, 0.5007614493370056, 0.5004377365112305, 0.5278311967849731, 4.285321235656738, 8.423828125, 1.81326162815094]","[-2.0455431938171387, -4.464783668518066, -0.8747009634971619, -7.069060802459717, 2.7976536750793457, -0.2260170578956604, 1.5600850582122803, 7.28724479675293, 4.581697463989258, -0.7890151143074036, -4.950531959533691, 2.177197217941284, 20.33987045288086, 0.9112784266471863, 4.824926376342773, 0.13683347404003143, 1.6246241331100464, 1.5370922088623047, 0.6061340570449829, 5.267460346221924, 0.0]",0.1011,0.0805
params_2_6.pt,0.4316,0.3180,-0.3108,-0.3626,-0.0736,-0.0665,0.1875,0.8731,"[1.81326162815094, 0.5014644265174866, 5.1299333572387695, 3.2661399841308594, 0.5015859007835388, 1.81326162815094, 0.5006308555603027, 0.8454282879829407, 0.5077022314071655, 0.5007825493812561, 0.5002351403236389, 1.9334752559661865, 9.894719123840332, 0.5032449960708618, 1.5794992446899414, 1.7716606855392456, 0.5003746747970581, 3.749023199081421, 4.835212707519531, 0.5002568960189819, 1.81326162815094]","[-6.694835186004639, 10.180737495422363, -9.754512786865234, -7.385874271392822, 13.009602546691895, 0.8876521587371826, 9.087462425231934, 4.704071521759033, 11.795586585998535, -0.23197999596595764, -2.863518714904785, 3.2451581954956055, 9.835597038269043, -1.8360815048217773, -4.435418605804443, -4.45870304107666, -7.890059471130371, -4.582132816314697, 13.876141548156738, 4.999614715576172, 0.0]",0.0980,0.0732
params_4_1.pt,0.3607,-0.0337,-0.4509,0.1905,-0.0517,0.0154,-0.0385,0.4498,"[1.81326162815094, 5.741366386413574, 2.0400772094726562, 1.456573724746704, 0.5017473697662354, 1.81326162815094, 0.502249538898468, 0.7583401799201965, 0.8708683252334595, 3.3696954250335693, 0.5006394386291504, 0.943661093711853, 2.8643250465393066, 0.5045241117477417, 2.1133553981781006, 0.5015888810157776, 4.69636344909668, 3.6895925998687744, 4.082474231719971, 1.5837597846984863, 1.81326162815094]","[-1.0896471738815308, -2.1434669494628906, -0.6652815937995911, -0.952918291091919, -8.160847663879395, 2.388124942779541, 0.6746642589569092, -1.6130661964416504, -1.8715245723724365, 1.10695481300354, -8.101814270019531, -2.9429523944854736, 10.59443187713623, 1.5315865278244019, -5.771651268005371, 1.726319670677185, -2.7286717891693115, 0.09391792863607407, -8.194160461425781, -10.986705780029297, 0.0]",0.2647,0.2385
params_6_9.pt,0.5016,-0.4004,-0.5353,0.4196,-0.1363,-0.2934,0.3461,0.1859,"[1.81326162815094, 0.501133143901825, 0.5009146928787231, 1.050778865814209, 1.763535499572754, 1.81326162815094, 1.9788151979446411, 0.5015873312950134, 0.5010514855384827, 0.7076355814933777, 1.6264711618423462, 0.5029642581939697, 0.5386549234390259, 1.2337470054626465, 2.6819908618927, 0.5041256546974182, 3.888408660888672, 2.643174886703491, 0.5016328692436218, 0.9693836569786072, 1.81326162815094]","[3.269543409347534, -9.017123222351074, -5.990397930145264, 0.3834238350391388, -1.8522025346755981, -9.864100456237793, -8.508990287780762, 5.070464134216309, 0.6791885495185852, -3.159639358520508, -9.914081573486328, 3.4727563858032227, -4.592068195343018, 1.4442589282989502, -3.077937364578247, -2.665280818939209, 0.6251283884048462, -1.5161051750183105, -9.134902000427246, -4.943069934844971, 0.0]",0.2362,0.2106
params_4_0.pt,0.3906,-0.1931,-0.5875,0.2236,0.1636,0.0134,-0.2087,0.7258,"[1.81326162815094, 0.5000791549682617, 2.207170009613037, 0.9545155763626099, 1.6748212575912476, 1.81326162815094, 0.5021125674247742, 0.5005623698234558, 1.6955840587615967, 0.5085145831108093, 0.5055563449859619, 1.3642932176589966, 20.7458553314209, 1.7499241828918457, 0.5011885762214661, 0.5067071318626404, 1.8681981563568115, 0.5001022815704346, 0.5022116303443909, 1.3723368644714355, 1.81326162815094]","[9.639572143554688, 12.645401954650879, -4.507212162017822, -3.307051658630371, -7.861781120300293, -9.164032936096191, 0.46597111225128174, 1.7265726327896118, 0.007069194223731756, -0.13298512995243073, 34.94938659667969, 1.2430156469345093, 16.236387252807617, 4.351737022399902, 0.45567378401756287, 4.750458717346191, 3.2706246376037598, -2.9884402751922607, -13.084524154663086, -0.16450797021389008, 0.0]",0.1196,0.1232
params_8_7.pt,-0.2066,-0.3466,0.1782,0.1362,0.1929,-0.6562,0.3236,-0.0616,"[1.81326162815094, 4.7519097328186035, 0.5028685927391052, 0.5012902617454529, 1.0814850330352783, 1.81326162815094, 0.5011031031608582, 7.6518473625183105, 3.8749213218688965, 0.5027613043785095, 0.5012858510017395, 0.504014253616333, 1.4513661861419678, 0.5275245904922485, 0.503182053565979, 4.310657501220703, 1.7141354084014893, 5.086399555206299, 0.5007109045982361, 0.5018488764762878, 1.81326162815094]","[-1.2809592485427856, 1.1610182523727417, 0.07863442599773407, -4.690908908843994, -2.56008243560791, -3.2275161743164062, -0.04105570539832115, 0.5787230730056763, -3.1832385063171387, 1.6339070796966553, -1.8586935997009277, -3.713179111480713, 2.1441056728363037, -1.0528881549835205, 1.672580361366272, -2.909738540649414, -0.584831178188324, 1.3978270292282104, -4.797690391540527, 0.17354920506477356, 0.0]",0.1218,0.1040
params_3_6.pt,0.5325,-0.1258,-0.5427,0.0134,0.1361,0.0279,-0.1506,0.9464,"[1.81326162815094, 23.893674850463867, 6.131972789764404, 1.2052772045135498, 7.997748374938965, 1.81326162815094, 1.5956283807754517, 3.4625132083892822, 2.7815968990325928, 2.6674115657806396, 0.5041421055793762, 0.5006745457649231, 0.5029274225234985, 0.500277578830719, 0.5019219517707825, 1.5235891342163086, 0.5009221434593201, 0.5009871125221252, 5.139684200286865, 1.3663182258605957, 1.81326162815094]","[4.213634967803955, 54.26022720336914, -2.0224757194519043, 4.476097583770752, -0.953656017780304, 2.956799030303955, 24.536222457885742, 7.1834940910339355, -5.742127895355225, -2.05599308013916, -12.922219276428223, -7.820792198181152, 32.463165283203125, -3.2499680519104004, -2.6296839714050293, 6.154968738555908, -4.9198408126831055, -4.110827445983887, 1.8572067022323608, -3.0001156330108643, 0.0]",0.1836,0.1728
params_4_9.pt,0.1623,-0.0042,-0.1783,0.2606,0.0479,-0.1530,0.1147,0.1983,"[1.81326162815094, 17.47292137145996, 0.5018109083175659, 0.501009464263916, 3.425466537475586, 1.81326162815094, 0.5036985874176025, 10.972013473510742, 2.2271175384521484, 2.940894603729248, 1.5555520057678223, 0.5041025876998901, 0.9180049896240234, 0.5016700625419617, 4.060315132141113, 0.5013892650604248, 0.5006891489028931, 2.865804672241211, 5.152077674865723, 5.373971939086914, 1.81326162815094]","[2.2706778049468994, -5.6956963539123535, 16.563955307006836, 2.591531753540039, -2.8835842609405518, -0.12554991245269775, -0.7318985462188721, -24.62563705444336, -2.1548330783843994, -0.5323963165283203, -5.676416397094727, 7.162810802459717, -0.0644705519080162, -0.7052527666091919, -12.703801155090332, 1.3963193893432617, -1.980879783630371, -4.160019397735596, -3.1553337574005127, -5.168190002441406, 0.0]",0.1204,0.1350
params_6_2.pt,0.3287,-0.0431,-0.4246,0.1364,-0.0378,-0.1046,0.0631,0.0952,"[1.81326162815094, 2.085632562637329, 0.5035455822944641, 1.298304557800293, 4.726799011230469, 1.81326162815094, 0.5010892152786255, 0.501010537147522, 0.5213150382041931, 4.255443572998047, 0.5004903674125671, 1.9733171463012695, 0.5062998533248901, 0.5010982751846313, 0.5525403022766113, 0.5009609460830688, 2.2505509853363037, 1.5665454864501953, 3.720451831817627, 1.1650416851043701, 1.81326162815094]","[3.3853979110717773, -1.5016651153564453, -1.7481776475906372, 0.21231529116630554, -7.850144386291504, 0.8380781412124634, 1.8762685060501099, -3.955110549926758, -1.6777656078338623, 1.1186729669570923, -11.608662605285645, -1.9556742906570435, 5.629926681518555, 2.560169219970703, -4.225056171417236, 1.1393916606903076, -3.6716196537017822, 1.6596853733062744, -8.701570510864258, -10.077948570251465, 0.0]",0.2442,0.2354
params_9_0.pt,-0.1224,0.1037,-0.1580,0.1203,0.0960,-0.0975,-0.0354,1.1362,"[1.81326162815094, 4.3535261154174805, 4.241291046142578, 2.705270767211914, 2.2935891151428223, 1.81326162815094, 6.0755767822265625, 3.1117146015167236, 0.7038964033126831, 2.5734806060791016, 3.016169309616089, 1.1349031925201416, 2.378572940826416, 1.9528940916061401, 2.5511834621429443, 1.932413935661316, 0.5009840726852417, 2.6484670639038086, 11.197310447692871, 6.318958759307861, 1.81326162815094]","[4.051101207733154, 1.1410541534423828, 1.4005663394927979, 0.22040827572345734, -0.28348976373672485, 4.369636058807373, -2.7409422397613525, 3.7936387062072754, 6.285040855407715, -3.4997012615203857, -3.555009365081787, 4.298242568969727, 13.08913803100586, 1.0416345596313477, -0.7469047904014587, 3.677885055541992, 1.5173507928848267, 3.56809663772583, -3.4603376388549805, -3.1837053298950195, 0.0]",0.1445,0.1287
params_9_6.pt,-0.0148,-0.0674,-0.1543,0.0697,0.2489,-0.4227,0.1381,0.7705,"[1.81326162815094, 0.5027811527252197, 0.5019949078559875, 2.6390793323516846, 2.6665427684783936, 1.81326162815094, 0.5042061805725098, 3.494283676147461, 1.925358772277832, 0.5012319087982178, 4.144068717956543, 0.5012132525444031, 6.4687418937683105, 4.2806396484375, 0.5006143450737, 0.5031178593635559, 0.5026850700378418, 7.857076644897461, 0.5037508010864258, 1.964450478553772, 1.81326162815094]","[0.969794750213623, 9.256087303161621, -4.570780277252197, -3.376906394958496, -3.7085137367248535, -3.1291544437408447, -2.41611385345459, 2.929663896560669, 2.7548577785491943, 0.5643469095230103, -1.7680219411849976, 0.8729299306869507, 11.803413391113281, -12.72632122039795, -0.3785049617290497, 2.9045140743255615, 6.005006790161133, 5.518045902252197, -16.8585205078125, -4.0461506843566895, 0.0]",0.1635,0.1680
params_8_5.pt,0.5291,-0.5670,-0.5029,0.3998,-0.0207,-0.0241,-0.0731,0.7860,"[1.81326162815094, 3.5379042625427246, 1.3984754085540771, 0.501924991607666, 3.8889970779418945, 1.81326162815094, 2.859933853149414, 0.5022281408309937, 0.6095114946365356, 2.6428701877593994, 1.0993835926055908, 0.9580482244491577, 0.5044264197349548, 1.194854974746704, 0.9028182625770569, 0.5129039287567139, 8.130147933959961, 0.9490826725959778, 4.219698905944824, 4.376476287841797, 1.81326162815094]","[-0.044027067720890045, 0.6679350733757019, -3.9474170207977295, -5.628355503082275, -1.1983070373535156, -1.7211554050445557, -0.36794212460517883, 1.5646940469741821, 3.023287296295166, -2.5876970291137695, 2.549743890762329, 0.4306526482105255, -10.027090072631836, -1.2635492086410522, -0.5527821779251099, 1.9124863147735596, 2.0488014221191406, 2.117795944213867, 2.393616199493408, 1.718118667602539, 0.0]",0.2084,0.1801
params_9_8.pt,0.0502,-0.4338,-0.0119,0.3364,0.3482,-0.5162,0.1020,0.1765,"[1.81326162815094, 0.5004927515983582, 0.5001958012580872, 0.5021333694458008, 2.249577522277832, 1.81326162815094, 4.519130229949951, 3.477560520172119, 3.594566822052002, 0.5007609724998474, 0.502019464969635, 2.368532180786133, 0.6203855872154236, 1.0535484552383423, 1.3130921125411987, 4.730175495147705, 0.5003343224525452, 9.620433807373047, 0.5107566118240356, 6.171933650970459, 1.81326162815094]","[-0.503171980381012, -13.172676086425781, -0.8532316088676453, -4.6498188972473145, 0.3826979100704193, -2.010582447052002, -3.7960104942321777, -2.665919780731201, -8.391741752624512, 1.999366044998169, -10.413817405700684, -8.908364295959473, 3.793255090713501, -2.158175468444824, 4.053014278411865, -5.504049777984619, -3.9205710887908936, -3.671501874923706, 13.641615867614746, -0.44626009464263916, 0.0]",0.1820,0.1478
